order_id;period;Sum-cars_quatity
4;-1;88
4;0;87
4;1;88
4;2;88
4;3;88
4;4;87
4;5;88
4;6;88
4;7;87
4;8;88
4;9;88
4;10;88
4;11;87
4;12;88
4;13;88
4;14;87
4;15;88
4;16;88
4;17;87
4;18;88
4;19;88
4;20;88
4;21;87
4;22;88
4;23;88
4;24;87
4;25;88
4;26;88
4;27;88
4;28;87
4;29;88
4;30;88
4;31;87
4;32;88
4;33;88
4;34;88
4;35;87
4;36;88
4;37;88
4;38;87
4;39;88
4;40;88
4;41;88
4;42;87
4;43;88
4;44;88
4;45;87
4;46;88
4;47;88
4;48;87
4;49;88
4;50;88
4;51;88
4;52;87
4;53;88
4;54;88
4;55;87
4;56;88
4;57;88
4;58;88
4;59;87
4;60;88
4;61;88
4;62;87
4;63;88
4;64;88
4;65;88
4;66;87
4;67;88
4;68;88
4;69;87
4;70;88
4;71;88
4;72;88
4;73;87
4;74;88
4;75;88
4;76;87
4;77;88
4;78;88
4;79;87
4;80;88
4;81;88
4;82;88
4;83;87
4;84;88
4;85;88
4;86;87
4;87;88
4;88;88
4;89;88
4;90;87
4;91;88
5;-1;71
5;0;70
5;1;71
5;2;71
5;3;70
5;4;71
5;5;71
5;6;70
5;7;71
5;8;70
5;9;71
5;10;71
5;11;70
5;12;71
5;13;71
5;14;70
5;15;71
5;16;71
5;17;70
5;18;71
5;19;71
5;20;70
5;21;71
5;22;70
5;23;71
5;24;71
5;25;70
5;26;71
5;27;71
5;28;70
5;29;71
5;30;71
5;31;70
5;32;71
5;33;71
5;34;70
5;35;71
5;36;71
5;37;70
5;38;71
5;39;70
5;40;71
5;41;71
5;42;70
5;43;71
5;44;71
5;45;70
5;46;71
5;47;71
5;48;70
5;49;71
5;50;71
5;51;70
5;52;71
5;53;70
5;54;71
5;55;71
5;56;70
5;57;71
5;58;71
5;59;70
5;60;71
5;61;71
5;62;70
5;63;71
5;64;71
5;65;70
5;66;71
5;67;71
5;68;70
5;69;71
5;70;70
5;71;71
5;72;71
5;73;70
5;74;71
5;75;71
5;76;70
5;77;71
5;78;71
5;79;70
5;80;71
5;81;71
5;82;70
5;83;71
5;84;70
5;85;71
5;86;71
5;87;70
5;88;71
5;89;71
5;90;70
5;91;71
7;-1;56
7;0;56
7;1;56
7;2;56
7;3;56
7;4;57
7;5;56
7;6;56
7;7;56
7;8;56
7;9;56
7;10;56
7;11;56
7;12;56
7;13;56
7;14;57
7;15;56
7;16;56
7;17;56
7;18;56
7;19;56
7;20;56
7;21;56
7;22;56
7;23;56
7;24;57
7;25;56
7;26;56
7;27;56
7;28;56
7;29;56
7;30;56
7;31;56
7;32;56
7;33;56
7;34;56
7;35;57
7;36;56
7;37;56
7;38;56
7;39;56
7;40;56
7;41;56
7;42;56
7;43;56
7;44;56
7;45;57
7;46;56
7;47;56
7;48;56
7;49;56
7;50;56
7;51;56
7;52;56
7;53;56
7;54;56
7;55;57
7;56;56
7;57;56
7;58;56
7;59;56
7;60;56
7;61;56
7;62;56
7;63;56
7;64;56
7;65;56
7;66;57
7;67;56
7;68;56
7;69;56
7;70;56
7;71;56
7;72;56
7;73;56
7;74;56
7;75;56
7;76;57
7;77;56
7;78;56
7;79;56
7;80;56
7;81;56
7;82;56
7;83;56
7;84;56
7;85;56
7;86;57
7;87;56
7;88;56
7;89;56
7;90;56
7;91;56
8;-3;55
8;-2;54
8;-1;55
8;0;55
8;1;55
8;2;54
8;3;55
8;4;55
8;5;54
8;6;55
8;7;55
8;8;55
8;9;54
8;10;55
8;11;55
8;12;54
8;13;55
8;14;55
8;15;54
8;16;55
8;17;55
8;18;55
8;19;54
8;20;55
8;21;55
8;22;54
8;23;55
8;24;55
8;25;55
8;26;54
8;27;55
8;28;55
8;29;54
8;30;55
8;31;55
8;32;55
8;33;54
8;34;55
8;35;55
8;36;54
8;37;55
8;38;55
8;39;55
8;40;54
8;41;55
8;42;55
8;43;54
8;44;55
8;45;55
8;46;54
8;47;55
8;48;55
8;49;55
8;50;54
8;51;55
8;52;55
8;53;54
8;54;55
8;55;55
8;56;55
8;57;54
8;58;55
8;59;55
8;60;54
8;61;55
8;62;55
8;63;55
8;64;54
8;65;55
8;66;55
8;67;54
8;68;55
8;69;55
8;70;55
8;71;54
8;72;55
8;73;55
8;74;54
8;75;55
8;76;55
8;77;54
8;78;55
8;79;55
8;80;55
8;81;54
8;82;55
8;83;55
8;84;54
8;85;55
8;86;55
8;87;55
8;88;54
8;89;55
9;-1;52
9;0;53
9;1;52
9;2;52
9;3;53
9;4;52
9;5;52
9;6;53
9;7;52
9;8;53
9;9;52
9;10;52
9;11;53
9;12;52
9;13;52
9;14;53
9;15;52
9;16;52
9;17;53
9;18;52
9;19;52
9;20;53
9;21;52
9;22;53
9;23;52
9;24;52
9;25;53
9;26;52
9;27;52
9;28;53
9;29;52
9;30;52
9;31;53
9;32;52
9;33;52
9;34;53
9;35;52
9;36;52
9;37;53
9;38;52
9;39;53
9;40;52
9;41;52
9;42;53
9;43;52
9;44;52
9;45;53
9;46;52
9;47;52
9;48;53
9;49;52
9;50;52
9;51;53
9;52;52
9;53;53
9;54;52
9;55;52
9;56;53
9;57;52
9;58;52
9;59;53
9;60;52
9;61;52
9;62;53
9;63;52
9;64;52
9;65;53
9;66;52
9;67;52
9;68;53
9;69;52
9;70;53
9;71;52
9;72;52
9;73;53
9;74;52
9;75;52
9;76;53
9;77;52
9;78;52
9;79;53
9;80;52
9;81;52
9;82;53
9;83;52
9;84;53
9;85;52
9;86;52
9;87;53
9;88;52
9;89;52
9;90;53
9;91;52
10;-3;49
10;-2;49
10;-1;50
10;0;49
10;1;49
10;2;49
10;3;49
10;4;50
10;5;49
10;6;49
10;7;49
10;8;49
10;9;50
10;10;49
10;11;49
10;12;49
10;13;49
10;14;49
10;15;50
10;16;49
10;17;49
10;18;49
10;19;49
10;20;50
10;21;49
10;22;49
10;23;49
10;24;49
10;25;50
10;26;49
10;27;49
10;28;49
10;29;49
10;30;50
10;31;49
10;32;49
10;33;49
10;34;49
10;35;50
10;36;49
10;37;49
10;38;49
10;39;49
10;40;50
10;41;49
10;42;49
10;43;49
10;44;49
10;45;49
10;46;50
10;47;49
10;48;49
10;49;49
10;50;49
10;51;50
10;52;49
10;53;49
10;54;49
10;55;49
10;56;50
10;57;49
10;58;49
10;59;49
10;60;49
10;61;50
10;62;49
10;63;49
10;64;49
10;65;49
10;66;50
10;67;49
10;68;49
10;69;49
10;70;49
10;71;50
10;72;49
10;73;49
10;74;49
10;75;49
10;76;49
10;77;50
10;78;49
10;79;49
10;80;49
10;81;49
10;82;50
10;83;49
10;84;49
10;85;49
10;86;49
10;87;50
10;88;49
10;89;49
11;-2;48
11;-1;49
11;0;48
11;1;49
11;2;48
11;3;48
11;4;49
11;5;48
11;6;48
11;7;49
11;8;48
11;9;49
11;10;48
11;11;48
11;12;49
11;13;48
11;14;49
11;15;48
11;16;48
11;17;49
11;18;48
11;19;49
11;20;48
11;21;48
11;22;49
11;23;48
11;24;48
11;25;49
11;26;48
11;27;49
11;28;48
11;29;48
11;30;49
11;31;48
11;32;49
11;33;48
11;34;48
11;35;49
11;36;48
11;37;48
11;38;49
11;39;48
11;40;49
11;41;48
11;42;48
11;43;49
11;44;48
11;45;49
11;46;48
11;47;48
11;48;49
11;49;48
11;50;49
11;51;48
11;52;48
11;53;49
11;54;48
11;55;48
11;56;49
11;57;48
11;58;49
11;59;48
11;60;48
11;61;49
11;62;48
11;63;49
11;64;48
11;65;48
11;66;49
11;67;48
11;68;48
11;69;49
11;70;48
11;71;49
11;72;48
11;73;48
11;74;49
11;75;48
11;76;49
11;77;48
11;78;48
11;79;49
11;80;48
11;81;49
11;82;48
11;83;48
11;84;49
11;85;48
11;86;48
11;87;49
11;88;48
11;89;49
11;90;48
12;-2;48
12;-1;49
12;0;48
12;1;48
12;2;48
12;3;49
12;4;48
12;5;48
12;6;49
12;7;48
12;8;48
12;9;48
12;10;49
12;11;48
12;12;48
12;13;49
12;14;48
12;15;48
12;16;49
12;17;48
12;18;48
12;19;48
12;20;49
12;21;48
12;22;48
12;23;49
12;24;48
12;25;48
12;26;48
12;27;49
12;28;48
12;29;48
12;30;49
12;31;48
12;32;48
12;33;48
12;34;49
12;35;48
12;36;48
12;37;49
12;38;48
12;39;48
12;40;48
12;41;49
12;42;48
12;43;48
12;44;49
12;45;48
12;46;48
12;47;49
12;48;48
12;49;48
12;50;48
12;51;49
12;52;48
12;53;48
12;54;49
12;55;48
12;56;48
12;57;48
12;58;49
12;59;48
12;60;48
12;61;49
12;62;48
12;63;48
12;64;48
12;65;49
12;66;48
12;67;48
12;68;49
12;69;48
12;70;48
12;71;48
12;72;49
12;73;48
12;74;48
12;75;49
12;76;48
12;77;48
12;78;49
12;79;48
12;80;48
12;81;48
12;82;49
12;83;48
12;84;48
12;85;49
12;86;48
12;87;48
12;88;48
12;89;49
12;90;48
13;-3;48
13;-2;48
13;-1;49
13;0;48
13;1;48
13;2;48
13;3;49
13;4;48
13;5;48
13;6;48
13;7;48
13;8;49
13;9;48
13;10;48
13;11;48
13;12;49
13;13;48
13;14;48
13;15;48
13;16;49
13;17;48
13;18;48
13;19;48
13;20;48
13;21;49
13;22;48
13;23;48
13;24;48
13;25;49
13;26;48
13;27;48
13;28;48
13;29;48
13;30;49
13;31;48
13;32;48
13;33;48
13;34;49
13;35;48
13;36;48
13;37;48
13;38;48
13;39;49
13;40;48
13;41;48
13;42;48
13;43;49
13;44;48
13;45;48
13;46;48
13;47;49
13;48;48
13;49;48
13;50;48
13;51;48
13;52;49
13;53;48
13;54;48
13;55;48
13;56;49
13;57;48
13;58;48
13;59;48
13;60;48
13;61;49
13;62;48
13;63;48
13;64;48
13;65;49
13;66;48
13;67;48
13;68;48
13;69;48
13;70;49
13;71;48
13;72;48
13;73;48
13;74;49
13;75;48
13;76;48
13;77;48
13;78;49
13;79;48
13;80;48
13;81;48
13;82;48
13;83;49
13;84;48
13;85;48
13;86;48
13;87;49
13;88;48
13;89;48
20;-2;42
20;-1;41
20;0;42
20;1;42
20;2;42
20;3;41
20;4;42
20;5;42
20;6;42
20;7;41
20;8;42
20;9;42
20;10;42
20;11;41
20;12;42
20;13;42
20;14;42
20;15;41
20;16;42
20;17;42
20;18;42
20;19;41
20;20;42
20;21;42
20;22;42
20;23;41
20;24;42
20;25;42
20;26;42
20;27;41
20;28;42
20;29;42
20;30;41
20;31;42
20;32;42
20;33;42
20;34;41
20;35;42
20;36;42
20;37;42
20;38;41
20;39;42
20;40;42
20;41;42
20;42;41
20;43;42
20;44;42
20;45;42
20;46;41
20;47;42
20;48;42
20;49;42
20;50;41
20;51;42
20;52;42
20;53;42
20;54;41
20;55;42
20;56;42
20;57;42
20;58;41
20;59;42
20;60;42
20;61;41
20;62;42
20;63;42
20;64;42
20;65;41
20;66;42
20;67;42
20;68;42
20;69;41
20;70;42
20;71;42
20;72;42
20;73;41
20;74;42
20;75;42
20;76;42
20;77;41
20;78;42
20;79;42
20;80;42
20;81;41
20;82;42
20;83;42
20;84;42
20;85;41
20;86;42
20;87;42
20;88;42
20;89;41
20;90;42
21;-2;42
21;-1;41
21;0;42
21;1;42
21;2;41
21;3;42
21;4;42
21;5;41
21;6;42
21;7;42
21;8;41
21;9;42
21;10;42
21;11;41
21;12;42
21;13;42
21;14;42
21;15;41
21;16;42
21;17;42
21;18;41
21;19;42
21;20;42
21;21;41
21;22;42
21;23;42
21;24;41
21;25;42
21;26;42
21;27;41
21;28;42
21;29;42
21;30;41
21;31;42
21;32;42
21;33;41
21;34;42
21;35;42
21;36;41
21;37;42
21;38;42
21;39;41
21;40;42
21;41;42
21;42;41
21;43;42
21;44;42
21;45;42
21;46;41
21;47;42
21;48;42
21;49;41
21;50;42
21;51;42
21;52;41
21;53;42
21;54;42
21;55;41
21;56;42
21;57;42
21;58;41
21;59;42
21;60;42
21;61;41
21;62;42
21;63;42
21;64;41
21;65;42
21;66;42
21;67;41
21;68;42
21;69;42
21;70;41
21;71;42
21;72;42
21;73;41
21;74;42
21;75;42
21;76;42
21;77;41
21;78;42
21;79;42
21;80;41
21;81;42
21;82;42
21;83;41
21;84;42
21;85;42
21;86;41
21;87;42
21;88;42
21;89;41
21;90;42
22;-1;41
22;0;42
22;1;41
22;2;42
22;3;41
22;4;41
22;5;42
22;6;41
22;7;41
22;8;42
22;9;41
22;10;42
22;11;41
22;12;41
22;13;42
22;14;41
22;15;42
22;16;41
22;17;41
22;18;42
22;19;41
22;20;42
22;21;41
22;22;41
22;23;42
22;24;41
22;25;41
22;26;42
22;27;41
22;28;42
22;29;41
22;30;41
22;31;42
22;32;41
22;33;42
22;34;41
22;35;41
22;36;42
22;37;41
22;38;41
22;39;42
22;40;41
22;41;42
22;42;41
22;43;41
22;44;42
22;45;41
22;46;42
22;47;41
22;48;41
22;49;42
22;50;41
22;51;42
22;52;41
22;53;41
22;54;42
22;55;41
22;56;41
22;57;42
22;58;41
22;59;42
22;60;41
22;61;41
22;62;42
22;63;41
22;64;42
22;65;41
22;66;41
22;67;42
22;68;41
22;69;41
22;70;42
22;71;41
22;72;42
22;73;41
22;74;41
22;75;42
22;76;41
22;77;42
22;78;41
22;79;41
22;80;42
22;81;41
22;82;42
22;83;41
22;84;41
22;85;42
22;86;41
22;87;41
22;88;42
22;89;41
22;90;42
22;91;41
23;-2;38
23;-1;38
23;0;39
23;1;38
23;2;38
23;3;38
23;4;38
23;5;39
23;6;38
23;7;38
23;8;38
23;9;38
23;10;39
23;11;38
23;12;38
23;13;38
23;14;38
23;15;38
23;16;39
23;17;38
23;18;38
23;19;38
23;20;38
23;21;39
23;22;38
23;23;38
23;24;38
23;25;38
23;26;39
23;27;38
23;28;38
23;29;38
23;30;38
23;31;39
23;32;38
23;33;38
23;34;38
23;35;38
23;36;39
23;37;38
23;38;38
23;39;38
23;40;38
23;41;39
23;42;38
23;43;38
23;44;38
23;45;38
23;46;38
23;47;39
23;48;38
23;49;38
23;50;38
23;51;38
23;52;39
23;53;38
23;54;38
23;55;38
23;56;38
23;57;39
23;58;38
23;59;38
23;60;38
23;61;38
23;62;39
23;63;38
23;64;38
23;65;38
23;66;38
23;67;39
23;68;38
23;69;38
23;70;38
23;71;38
23;72;39
23;73;38
23;74;38
23;75;38
23;76;38
23;77;38
23;78;39
23;79;38
23;80;38
23;81;38
23;82;38
23;83;39
23;84;38
23;85;38
23;86;38
23;87;38
23;88;39
23;89;38
23;90;38
24;-1;38
24;0;37
24;1;38
24;2;37
24;3;38
24;4;37
24;5;38
24;6;37
24;7;38
24;8;37
24;9;38
24;10;38
24;11;37
24;12;38
24;13;37
24;14;38
24;15;37
24;16;38
24;17;37
24;18;38
24;19;38
24;20;37
24;21;38
24;22;37
24;23;38
24;24;37
24;25;38
24;26;37
24;27;38
24;28;37
24;29;38
24;30;38
24;31;37
24;32;38
24;33;37
24;34;38
24;35;37
24;36;38
24;37;37
24;38;38
24;39;37
24;40;38
24;41;38
24;42;37
24;43;38
24;44;37
24;45;38
24;46;37
24;47;38
24;48;37
24;49;38
24;50;38
24;51;37
24;52;38
24;53;37
24;54;38
24;55;37
24;56;38
24;57;37
24;58;38
24;59;37
24;60;38
24;61;38
24;62;37
24;63;38
24;64;37
24;65;38
24;66;37
24;67;38
24;68;37
24;69;38
24;70;37
24;71;38
24;72;38
24;73;37
24;74;38
24;75;37
24;76;38
24;77;37
24;78;38
24;79;37
24;80;38
24;81;38
24;82;37
24;83;38
24;84;37
24;85;38
24;86;37
24;87;38
24;88;37
24;89;38
24;90;37
24;91;38
26;-1;35
26;0;34
26;1;35
26;2;34
26;3;35
26;4;35
26;5;34
26;6;35
26;7;35
26;8;34
26;9;35
26;10;34
26;11;35
26;12;35
26;13;34
26;14;35
26;15;34
26;16;35
26;17;35
26;18;34
26;19;35
26;20;34
26;21;35
26;22;35
26;23;34
26;24;35
26;25;35
26;26;34
26;27;35
26;28;34
26;29;35
26;30;35
26;31;34
26;32;35
26;33;34
26;34;35
26;35;35
26;36;34
26;37;35
26;38;35
26;39;34
26;40;35
26;41;34
26;42;35
26;43;35
26;44;34
26;45;35
26;46;34
26;47;35
26;48;35
26;49;34
26;50;35
26;51;34
26;52;35
26;53;35
26;54;34
26;55;35
26;56;35
26;57;34
26;58;35
26;59;34
26;60;35
26;61;35
26;62;34
26;63;35
26;64;34
26;65;35
26;66;35
26;67;34
26;68;35
26;69;35
26;70;34
26;71;35
26;72;34
26;73;35
26;74;35
26;75;34
26;76;35
26;77;34
26;78;35
26;79;35
26;80;34
26;81;35
26;82;34
26;83;35
26;84;35
26;85;34
26;86;35
26;87;35
26;88;34
26;89;35
26;90;34
26;91;35
28;-1;33
28;0;32
28;1;33
28;2;33
28;3;33
28;4;32
28;5;33
28;6;33
28;7;32
28;8;33
28;9;33
28;10;33
28;11;32
28;12;33
28;13;33
28;14;32
28;15;33
28;16;33
28;17;32
28;18;33
28;19;33
28;20;33
28;21;32
28;22;33
28;23;33
28;24;32
28;25;33
28;26;33
28;27;33
28;28;32
28;29;33
28;30;33
28;31;32
28;32;33
28;33;33
28;34;33
28;35;32
28;36;33
28;37;33
28;38;32
28;39;33
28;40;33
28;41;33
28;42;32
28;43;33
28;44;33
28;45;32
28;46;33
28;47;33
28;48;32
28;49;33
28;50;33
28;51;33
28;52;32
28;53;33
28;54;33
28;55;32
28;56;33
28;57;33
28;58;33
28;59;32
28;60;33
28;61;33
28;62;32
28;63;33
28;64;33
28;65;33
28;66;32
28;67;33
28;68;33
28;69;32
28;70;33
28;71;33
28;72;33
28;73;32
28;74;33
28;75;33
28;76;32
28;77;33
28;78;33
28;79;32
28;80;33
28;81;33
28;82;33
28;83;32
28;84;33
28;85;33
28;86;32
28;87;33
28;88;33
28;89;33
28;90;32
28;91;33
29;-1;33
29;0;32
29;1;33
29;2;33
29;3;32
29;4;33
29;5;33
29;6;32
29;7;33
29;8;33
29;9;32
29;10;33
29;11;33
29;12;32
29;13;33
29;14;33
29;15;33
29;16;32
29;17;33
29;18;33
29;19;32
29;20;33
29;21;33
29;22;32
29;23;33
29;24;33
29;25;32
29;26;33
29;27;33
29;28;32
29;29;33
29;30;33
29;31;32
29;32;33
29;33;33
29;34;32
29;35;33
29;36;33
29;37;32
29;38;33
29;39;33
29;40;32
29;41;33
29;42;33
29;43;32
29;44;33
29;45;33
29;46;33
29;47;32
29;48;33
29;49;33
29;50;32
29;51;33
29;52;33
29;53;32
29;54;33
29;55;33
29;56;32
29;57;33
29;58;33
29;59;32
29;60;33
29;61;33
29;62;32
29;63;33
29;64;33
29;65;32
29;66;33
29;67;33
29;68;32
29;69;33
29;70;33
29;71;32
29;72;33
29;73;33
29;74;32
29;75;33
29;76;33
29;77;33
29;78;32
29;79;33
29;80;33
29;81;32
29;82;33
29;83;33
29;84;32
29;85;33
29;86;33
29;87;32
29;88;33
29;89;33
29;90;32
29;91;33
34;-3;29
34;-2;29
34;-1;29
34;0;29
34;1;29
34;2;29
34;3;29
34;4;29
34;5;29
34;6;29
34;7;29
34;8;29
34;9;29
34;10;29
34;11;29
34;12;30
34;13;29
34;14;29
34;15;29
34;16;29
34;17;29
34;18;29
34;19;29
34;20;29
34;21;29
34;22;29
34;23;29
34;24;29
34;25;29
34;26;29
34;27;29
34;28;29
34;29;29
34;30;29
34;31;29
34;32;29
34;33;29
34;34;29
34;35;29
34;36;29
34;37;29
34;38;29
34;39;29
34;40;29
34;41;29
34;42;29
34;43;30
34;44;29
34;45;29
34;46;29
34;47;29
34;48;29
34;49;29
34;50;29
34;51;29
34;52;29
34;53;29
34;54;29
34;55;29
34;56;29
34;57;29
34;58;29
34;59;29
34;60;29
34;61;29
34;62;29
34;63;29
34;64;29
34;65;29
34;66;29
34;67;29
34;68;29
34;69;29
34;70;29
34;71;29
34;72;29
34;73;29
34;74;30
34;75;29
34;76;29
34;77;29
34;78;29
34;79;29
34;80;29
34;81;29
34;82;29
34;83;29
34;84;29
34;85;29
34;86;29
34;87;29
34;88;29
34;89;29
39;-2;24
39;-1;24
39;0;24
39;1;25
39;2;24
39;3;24
39;4;24
39;5;24
39;6;24
39;7;24
39;8;24
39;9;25
39;10;24
39;11;24
39;12;24
39;13;24
39;14;24
39;15;24
39;16;24
39;17;25
39;18;24
39;19;24
39;20;24
39;21;24
39;22;24
39;23;24
39;24;24
39;25;25
39;26;24
39;27;24
39;28;24
39;29;24
39;30;24
39;31;24
39;32;25
39;33;24
39;34;24
39;35;24
39;36;24
39;37;24
39;38;24
39;39;24
39;40;25
39;41;24
39;42;24
39;43;24
39;44;24
39;45;24
39;46;24
39;47;24
39;48;25
39;49;24
39;50;24
39;51;24
39;52;24
39;53;24
39;54;24
39;55;24
39;56;25
39;57;24
39;58;24
39;59;24
39;60;24
39;61;24
39;62;24
39;63;25
39;64;24
39;65;24
39;66;24
39;67;24
39;68;24
39;69;24
39;70;24
39;71;25
39;72;24
39;73;24
39;74;24
39;75;24
39;76;24
39;77;24
39;78;24
39;79;25
39;80;24
39;81;24
39;82;24
39;83;24
39;84;24
39;85;24
39;86;24
39;87;25
39;88;24
39;89;24
39;90;24
44;-1;23
44;0;22
44;1;23
44;2;22
44;3;23
44;4;22
44;5;23
44;6;23
44;7;22
44;8;23
44;9;22
44;10;23
44;11;23
44;12;22
44;13;23
44;14;22
44;15;23
44;16;22
44;17;23
44;18;23
44;19;22
44;20;23
44;21;22
44;22;23
44;23;23
44;24;22
44;25;23
44;26;22
44;27;23
44;28;22
44;29;23
44;30;23
44;31;22
44;32;23
44;33;22
44;34;23
44;35;22
44;36;23
44;37;23
44;38;22
44;39;23
44;40;22
44;41;23
44;42;23
44;43;22
44;44;23
44;45;22
44;46;23
44;47;22
44;48;23
44;49;23
44;50;22
44;51;23
44;52;22
44;53;23
44;54;23
44;55;22
44;56;23
44;57;22
44;58;23
44;59;22
44;60;23
44;61;23
44;62;22
44;63;23
44;64;22
44;65;23
44;66;22
44;67;23
44;68;23
44;69;22
44;70;23
44;71;22
44;72;23
44;73;23
44;74;22
44;75;23
44;76;22
44;77;23
44;78;22
44;79;23
44;80;23
44;81;22
44;82;23
44;83;22
44;84;23
44;85;23
44;86;22
44;87;23
44;88;22
44;89;23
44;90;22
44;91;23
47;-1;22
47;0;21
47;1;22
47;2;21
47;3;22
47;4;22
47;5;21
47;6;22
47;7;22
47;8;21
47;9;22
47;10;21
47;11;22
47;12;22
47;13;21
47;14;22
47;15;21
47;16;22
47;17;22
47;18;21
47;19;22
47;20;21
47;21;22
47;22;22
47;23;21
47;24;22
47;25;22
47;26;21
47;27;22
47;28;21
47;29;22
47;30;22
47;31;21
47;32;22
47;33;21
47;34;22
47;35;22
47;36;21
47;37;22
47;38;22
47;39;21
47;40;22
47;41;21
47;42;22
47;43;22
47;44;21
47;45;22
47;46;21
47;47;22
47;48;22
47;49;21
47;50;22
47;51;21
47;52;22
47;53;22
47;54;21
47;55;22
47;56;22
47;57;21
47;58;22
47;59;21
47;60;22
47;61;22
47;62;21
47;63;22
47;64;21
47;65;22
47;66;22
47;67;21
47;68;22
47;69;22
47;70;21
47;71;22
47;72;21
47;73;22
47;74;22
47;75;21
47;76;22
47;77;21
47;78;22
47;79;22
47;80;21
47;81;22
47;82;21
47;83;22
47;84;22
47;85;21
47;86;22
47;87;22
47;88;21
47;89;22
47;90;21
47;91;22
48;-1;21
48;0;20
48;1;21
48;2;21
48;3;20
48;4;21
48;5;21
48;6;20
48;7;21
48;8;20
48;9;21
48;10;21
48;11;20
48;12;21
48;13;21
48;14;20
48;15;21
48;16;21
48;17;20
48;18;21
48;19;21
48;20;20
48;21;21
48;22;20
48;23;21
48;24;21
48;25;20
48;26;21
48;27;21
48;28;20
48;29;21
48;30;21
48;31;20
48;32;21
48;33;21
48;34;20
48;35;21
48;36;21
48;37;20
48;38;21
48;39;20
48;40;21
48;41;21
48;42;20
48;43;21
48;44;21
48;45;20
48;46;21
48;47;21
48;48;20
48;49;21
48;50;21
48;51;20
48;52;21
48;53;20
48;54;21
48;55;21
48;56;20
48;57;21
48;58;21
48;59;20
48;60;21
48;61;21
48;62;20
48;63;21
48;64;21
48;65;20
48;66;21
48;67;21
48;68;20
48;69;21
48;70;20
48;71;21
48;72;21
48;73;20
48;74;21
48;75;21
48;76;20
48;77;21
48;78;21
48;79;20
48;80;21
48;81;21
48;82;20
48;83;21
48;84;20
48;85;21
48;86;21
48;87;20
48;88;21
48;89;21
48;90;20
48;91;21
55;-1;17
55;0;17
55;1;17
55;2;17
55;3;17
55;4;17
55;5;17
55;6;16
55;7;17
55;8;17
55;9;17
55;10;17
55;11;17
55;12;17
55;13;17
55;14;17
55;15;17
55;16;17
55;17;17
55;18;17
55;19;17
55;20;17
55;21;17
55;22;16
55;23;17
55;24;17
55;25;17
55;26;17
55;27;17
55;28;17
55;29;17
55;30;17
55;31;17
55;32;17
55;33;17
55;34;17
55;35;17
55;36;17
55;37;16
55;38;17
55;39;17
55;40;17
55;41;17
55;42;17
55;43;17
55;44;17
55;45;17
55;46;17
55;47;17
55;48;17
55;49;17
55;50;17
55;51;17
55;52;17
55;53;16
55;54;17
55;55;17
55;56;17
55;57;17
55;58;17
55;59;17
55;60;17
55;61;17
55;62;17
55;63;17
55;64;17
55;65;17
55;66;17
55;67;17
55;68;16
55;69;17
55;70;17
55;71;17
55;72;17
55;73;17
55;74;17
55;75;17
55;76;17
55;77;17
55;78;17
55;79;17
55;80;17
55;81;17
55;82;17
55;83;17
55;84;16
55;85;17
55;86;17
55;87;17
55;88;17
55;89;17
55;90;17
55;91;17
59;-7;14
59;-6;14
59;-5;14
59;-4;14
59;-3;14
59;-2;14
59;-1;14
59;0;14
59;1;14
59;2;14
59;3;14
59;4;14
59;5;14
59;6;14
59;7;14
59;8;15
59;9;14
59;10;14
59;11;14
59;12;14
59;13;14
59;14;14
59;15;14
59;16;14
59;17;14
59;18;14
59;19;14
59;20;14
59;21;14
59;22;14
59;23;14
59;24;14
59;25;14
59;26;14
59;27;14
59;28;14
59;29;14
59;30;14
59;31;14
59;32;14
59;33;14
59;34;14
59;35;14
59;36;14
59;37;14
59;38;14
59;39;15
59;40;14
59;41;14
59;42;14
59;43;14
59;44;14
59;45;14
59;46;14
59;47;14
59;48;14
59;49;14
59;50;14
59;51;14
59;52;14
59;53;14
59;54;14
59;55;14
59;56;14
59;57;14
59;58;14
59;59;14
59;60;14
59;61;14
59;62;14
59;63;14
59;64;14
59;65;14
59;66;14
59;67;14
59;68;14
59;69;14
59;70;15
59;71;14
59;72;14
59;73;14
59;74;14
59;75;14
59;76;14
59;77;14
59;78;14
59;79;14
59;80;14
59;81;14
59;82;14
59;83;14
59;84;14
59;85;14
60;-2;13
60;-1;13
60;0;13
60;1;14
60;2;13
60;3;13
60;4;13
60;5;13
60;6;13
60;7;14
60;8;13
60;9;13
60;10;13
60;11;13
60;12;13
60;13;14
60;14;13
60;15;13
60;16;13
60;17;13
60;18;13
60;19;14
60;20;13
60;21;13
60;22;13
60;23;13
60;24;13
60;25;14
60;26;13
60;27;13
60;28;13
60;29;13
60;30;13
60;31;13
60;32;14
60;33;13
60;34;13
60;35;13
60;36;13
60;37;13
60;38;14
60;39;13
60;40;13
60;41;13
60;42;13
60;43;13
60;44;14
60;45;13
60;46;13
60;47;13
60;48;13
60;49;13
60;50;14
60;51;13
60;52;13
60;53;13
60;54;13
60;55;13
60;56;14
60;57;13
60;58;13
60;59;13
60;60;13
60;61;13
60;62;13
60;63;14
60;64;13
60;65;13
60;66;13
60;67;13
60;68;13
60;69;14
60;70;13
60;71;13
60;72;13
60;73;13
60;74;13
60;75;14
60;76;13
60;77;13
60;78;13
60;79;13
60;80;13
60;81;14
60;82;13
60;83;13
60;84;13
60;85;13
60;86;13
60;87;14
60;88;13
60;89;13
60;90;13
70;-2;9
70;-1;10
70;0;9
70;1;10
70;2;9
70;3;10
70;4;9
70;5;10
70;6;9
70;7;10
70;8;9
70;9;10
70;10;9
70;11;10
70;12;9
70;13;10
70;14;9
70;15;10
70;16;9
70;17;10
70;18;9
70;19;10
70;20;9
70;21;10
70;22;9
70;23;10
70;24;9
70;25;10
70;26;9
70;27;10
70;28;9
70;29;9
70;30;10
70;31;9
70;32;10
70;33;9
70;34;10
70;35;9
70;36;10
70;37;9
70;38;10
70;39;9
70;40;10
70;41;9
70;42;10
70;43;9
70;44;10
70;45;9
70;46;10
70;47;9
70;48;10
70;49;9
70;50;10
70;51;9
70;52;10
70;53;9
70;54;10
70;55;9
70;56;10
70;57;9
70;58;10
70;59;9
70;60;9
70;61;10
70;62;9
70;63;10
70;64;9
70;65;10
70;66;9
70;67;10
70;68;9
70;69;10
70;70;9
70;71;10
70;72;9
70;73;10
70;74;9
70;75;10
70;76;9
70;77;10
70;78;9
70;79;10
70;80;9
70;81;10
70;82;9
70;83;10
70;84;9
70;85;10
70;86;9
70;87;10
70;88;9
70;89;10
70;90;9
72;-3;9
72;-2;9
72;-1;9
72;0;9
72;1;9
72;2;9
72;3;9
72;4;9
72;5;9
72;6;9
72;7;9
72;8;9
72;9;9
72;10;9
72;11;9
72;12;10
72;13;9
72;14;9
72;15;9
72;16;9
72;17;9
72;18;9
72;19;9
72;20;9
72;21;9
72;22;9
72;23;9
72;24;9
72;25;9
72;26;9
72;27;9
72;28;9
72;29;9
72;30;9
72;31;9
72;32;9
72;33;9
72;34;9
72;35;9
72;36;9
72;37;9
72;38;9
72;39;9
72;40;9
72;41;9
72;42;9
72;43;10
72;44;9
72;45;9
72;46;9
72;47;9
72;48;9
72;49;9
72;50;9
72;51;9
72;52;9
72;53;9
72;54;9
72;55;9
72;56;9
72;57;9
72;58;9
72;59;9
72;60;9
72;61;9
72;62;9
72;63;9
72;64;9
72;65;9
72;66;9
72;67;9
72;68;9
72;69;9
72;70;9
72;71;9
72;72;9
72;73;9
72;74;10
72;75;9
72;76;9
72;77;9
72;78;9
72;79;9
72;80;9
72;81;9
72;82;9
72;83;9
72;84;9
72;85;9
72;86;9
72;87;9
72;88;9
72;89;9
73;-3;9
73;-2;9
73;-1;9
73;0;9
73;1;9
73;2;9
73;3;9
73;4;9
73;5;9
73;6;9
73;7;9
73;8;9
73;9;9
73;10;9
73;11;9
73;12;10
73;13;9
73;14;9
73;15;9
73;16;9
73;17;9
73;18;9
73;19;9
73;20;9
73;21;9
73;22;9
73;23;9
73;24;9
73;25;9
73;26;9
73;27;9
73;28;9
73;29;9
73;30;9
73;31;9
73;32;9
73;33;9
73;34;9
73;35;9
73;36;9
73;37;9
73;38;9
73;39;9
73;40;9
73;41;9
73;42;9
73;43;10
73;44;9
73;45;9
73;46;9
73;47;9
73;48;9
73;49;9
73;50;9
73;51;9
73;52;9
73;53;9
73;54;9
73;55;9
73;56;9
73;57;9
73;58;9
73;59;9
73;60;9
73;61;9
73;62;9
73;63;9
73;64;9
73;65;9
73;66;9
73;67;9
73;68;9
73;69;9
73;70;9
73;71;9
73;72;9
73;73;9
73;74;10
73;75;9
73;76;9
73;77;9
73;78;9
73;79;9
73;80;9
73;81;9
73;82;9
73;83;9
73;84;9
73;85;9
73;86;9
73;87;9
73;88;9
73;89;9
76;-3;8
76;-2;9
76;-1;8
76;0;9
76;1;8
76;2;8
76;3;9
76;4;8
76;5;8
76;6;9
76;7;8
76;8;9
76;9;8
76;10;8
76;11;9
76;12;8
76;13;9
76;14;8
76;15;8
76;16;9
76;17;8
76;18;9
76;19;8
76;20;8
76;21;9
76;22;8
76;23;8
76;24;9
76;25;8
76;26;9
76;27;8
76;28;8
76;29;9
76;30;8
76;31;9
76;32;8
76;33;8
76;34;9
76;35;8
76;36;8
76;37;9
76;38;8
76;39;9
76;40;8
76;41;8
76;42;9
76;43;8
76;44;9
76;45;8
76;46;8
76;47;9
76;48;8
76;49;9
76;50;8
76;51;8
76;52;9
76;53;8
76;54;8
76;55;9
76;56;8
76;57;9
76;58;8
76;59;8
76;60;9
76;61;8
76;62;9
76;63;8
76;64;8
76;65;9
76;66;8
76;67;8
76;68;9
76;69;8
76;70;9
76;71;8
76;72;8
76;73;9
76;74;8
76;75;9
76;76;8
76;77;8
76;78;9
76;79;8
76;80;9
76;81;8
76;82;8
76;83;9
76;84;8
76;85;8
76;86;9
76;87;8
76;88;9
76;89;8
81;-2;7
81;-1;8
81;0;7
81;1;8
81;2;7
81;3;8
81;4;7
81;5;7
81;6;8
81;7;7
81;8;8
81;9;7
81;10;7
81;11;8
81;12;7
81;13;8
81;14;7
81;15;8
81;16;7
81;17;7
81;18;8
81;19;7
81;20;8
81;21;7
81;22;7
81;23;8
81;24;7
81;25;8
81;26;7
81;27;8
81;28;7
81;29;7
81;30;8
81;31;7
81;32;8
81;33;7
81;34;8
81;35;7
81;36;7
81;37;8
81;38;7
81;39;8
81;40;7
81;41;7
81;42;8
81;43;7
81;44;8
81;45;7
81;46;8
81;47;7
81;48;7
81;49;8
81;50;7
81;51;8
81;52;7
81;53;7
81;54;8
81;55;7
81;56;8
81;57;7
81;58;8
81;59;7
81;60;7
81;61;8
81;62;7
81;63;8
81;64;7
81;65;8
81;66;7
81;67;7
81;68;8
81;69;7
81;70;8
81;71;7
81;72;7
81;73;8
81;74;7
81;75;8
81;76;7
81;77;8
81;78;7
81;79;7
81;80;8
81;81;7
81;82;8
81;83;7
81;84;7
81;85;8
81;86;7
81;87;8
81;88;7
81;89;8
81;90;7
87;-2;7
87;-1;6
87;0;7
87;1;6
87;2;7
87;3;6
87;4;7
87;5;7
87;6;6
87;7;7
87;8;6
87;9;7
87;10;7
87;11;6
87;12;7
87;13;6
87;14;7
87;15;6
87;16;7
87;17;7
87;18;6
87;19;7
87;20;6
87;21;7
87;22;7
87;23;6
87;24;7
87;25;6
87;26;7
87;27;6
87;28;7
87;29;7
87;30;6
87;31;7
87;32;6
87;33;7
87;34;6
87;35;7
87;36;7
87;37;6
87;38;7
87;39;6
87;40;7
87;41;7
87;42;6
87;43;7
87;44;6
87;45;7
87;46;6
87;47;7
87;48;7
87;49;6
87;50;7
87;51;6
87;52;7
87;53;7
87;54;6
87;55;7
87;56;6
87;57;7
87;58;6
87;59;7
87;60;7
87;61;6
87;62;7
87;63;6
87;64;7
87;65;6
87;66;7
87;67;7
87;68;6
87;69;7
87;70;6
87;71;7
87;72;7
87;73;6
87;74;7
87;75;6
87;76;7
87;77;6
87;78;7
87;79;7
87;80;6
87;81;7
87;82;6
87;83;7
87;84;7
87;85;6
87;86;7
87;87;6
87;88;7
87;89;6
87;90;7
97;-3;6
97;-2;7
97;-1;6
97;0;6
97;1;6
97;2;7
97;3;6
97;4;6
97;5;6
97;6;7
97;7;6
97;8;6
97;9;6
97;10;7
97;11;6
97;12;6
97;13;6
97;14;7
97;15;6
97;16;6
97;17;6
97;18;7
97;19;6
97;20;6
97;21;6
97;22;7
97;23;6
97;24;6
97;25;6
97;26;7
97;27;6
97;28;6
97;29;7
97;30;6
97;31;6
97;32;6
97;33;7
97;34;6
97;35;6
97;36;6
97;37;7
97;38;6
97;39;6
97;40;6
97;41;7
97;42;6
97;43;6
97;44;6
97;45;7
97;46;6
97;47;6
97;48;6
97;49;7
97;50;6
97;51;6
97;52;6
97;53;7
97;54;6
97;55;6
97;56;6
97;57;7
97;58;6
97;59;6
97;60;7
97;61;6
97;62;6
97;63;6
97;64;7
97;65;6
97;66;6
97;67;6
97;68;7
97;69;6
97;70;6
97;71;6
97;72;7
97;73;6
97;74;6
97;75;6
97;76;7
97;77;6
97;78;6
97;79;6
97;80;7
97;81;6
97;82;6
97;83;6
97;84;7
97;85;6
97;86;6
97;87;6
97;88;7
97;89;6
98;-3;6
98;-2;6
98;-1;7
98;0;6
98;1;6
98;2;6
98;3;6
98;4;7
98;5;6
98;6;6
98;7;6
98;8;6
98;9;7
98;10;6
98;11;6
98;12;6
98;13;6
98;14;6
98;15;7
98;16;6
98;17;6
98;18;6
98;19;6
98;20;7
98;21;6
98;22;6
98;23;6
98;24;6
98;25;7
98;26;6
98;27;6
98;28;6
98;29;6
98;30;7
98;31;6
98;32;6
98;33;6
98;34;6
98;35;7
98;36;6
98;37;6
98;38;6
98;39;6
98;40;7
98;41;6
98;42;6
98;43;6
98;44;6
98;45;6
98;46;7
98;47;6
98;48;6
98;49;6
98;50;6
98;51;7
98;52;6
98;53;6
98;54;6
98;55;6
98;56;7
98;57;6
98;58;6
98;59;6
98;60;6
98;61;7
98;62;6
98;63;6
98;64;6
98;65;6
98;66;7
98;67;6
98;68;6
98;69;6
98;70;6
98;71;7
98;72;6
98;73;6
98;74;6
98;75;6
98;76;6
98;77;7
98;78;6
98;79;6
98;80;6
98;81;6
98;82;7
98;83;6
98;84;6
98;85;6
98;86;6
98;87;7
98;88;6
98;89;6
99;-1;6
99;0;6
99;1;6
99;2;6
99;3;6
99;4;6
99;5;6
99;6;5
99;7;6
99;8;6
99;9;6
99;10;6
99;11;6
99;12;6
99;13;6
99;14;6
99;15;6
99;16;6
99;17;6
99;18;6
99;19;6
99;20;6
99;21;6
99;22;5
99;23;6
99;24;6
99;25;6
99;26;6
99;27;6
99;28;6
99;29;6
99;30;6
99;31;6
99;32;6
99;33;6
99;34;6
99;35;6
99;36;6
99;37;5
99;38;6
99;39;6
99;40;6
99;41;6
99;42;6
99;43;6
99;44;6
99;45;6
99;46;6
99;47;6
99;48;6
99;49;6
99;50;6
99;51;6
99;52;6
99;53;5
99;54;6
99;55;6
99;56;6
99;57;6
99;58;6
99;59;6
99;60;6
99;61;6
99;62;6
99;63;6
99;64;6
99;65;6
99;66;6
99;67;6
99;68;5
99;69;6
99;70;6
99;71;6
99;72;6
99;73;6
99;74;6
99;75;6
99;76;6
99;77;6
99;78;6
99;79;6
99;80;6
99;81;6
99;82;6
99;83;6
99;84;5
99;85;6
99;86;6
99;87;6
99;88;6
99;89;6
99;90;6
99;91;6
101;-1;6
101;0;6
101;1;5
101;2;6
101;3;6
101;4;6
101;5;6
101;6;5
101;7;6
101;8;6
101;9;6
101;10;6
101;11;5
101;12;6
101;13;6
101;14;6
101;15;6
101;16;6
101;17;5
101;18;6
101;19;6
101;20;6
101;21;6
101;22;5
101;23;6
101;24;6
101;25;6
101;26;6
101;27;5
101;28;6
101;29;6
101;30;6
101;31;6
101;32;5
101;33;6
101;34;6
101;35;6
101;36;6
101;37;5
101;38;6
101;39;6
101;40;6
101;41;6
101;42;5
101;43;6
101;44;6
101;45;6
101;46;6
101;47;6
101;48;5
101;49;6
101;50;6
101;51;6
101;52;6
101;53;5
101;54;6
101;55;6
101;56;6
101;57;6
101;58;5
101;59;6
101;60;6
101;61;6
101;62;6
101;63;5
101;64;6
101;65;6
101;66;6
101;67;6
101;68;5
101;69;6
101;70;6
101;71;6
101;72;6
101;73;5
101;74;6
101;75;6
101;76;6
101;77;6
101;78;6
101;79;5
101;80;6
101;81;6
101;82;6
101;83;6
101;84;5
101;85;6
101;86;6
101;87;6
101;88;6
101;89;5
101;90;6
101;91;6
102;-2;6
102;-1;5
102;0;6
102;1;5
102;2;6
102;3;5
102;4;6
102;5;5
102;6;6
102;7;5
102;8;6
102;9;6
102;10;5
102;11;6
102;12;5
102;13;6
102;14;5
102;15;6
102;16;5
102;17;6
102;18;6
102;19;5
102;20;6
102;21;5
102;22;6
102;23;5
102;24;6
102;25;5
102;26;6
102;27;5
102;28;6
102;29;6
102;30;5
102;31;6
102;32;5
102;33;6
102;34;5
102;35;6
102;36;5
102;37;6
102;38;5
102;39;6
102;40;6
102;41;5
102;42;6
102;43;5
102;44;6
102;45;5
102;46;6
102;47;5
102;48;6
102;49;6
102;50;5
102;51;6
102;52;5
102;53;6
102;54;5
102;55;6
102;56;5
102;57;6
102;58;5
102;59;6
102;60;6
102;61;5
102;62;6
102;63;5
102;64;6
102;65;5
102;66;6
102;67;5
102;68;6
102;69;5
102;70;6
102;71;6
102;72;5
102;73;6
102;74;5
102;75;6
102;76;5
102;77;6
102;78;5
102;79;6
102;80;6
102;81;5
102;82;6
102;83;5
102;84;6
102;85;5
102;86;6
102;87;5
102;88;6
102;89;5
102;90;6
103;-3;5
103;-2;6
103;-1;5
103;0;6
103;1;5
103;2;5
103;3;6
103;4;5
103;5;5
103;6;6
103;7;5
103;8;6
103;9;5
103;10;5
103;11;6
103;12;5
103;13;6
103;14;5
103;15;5
103;16;6
103;17;5
103;18;6
103;19;5
103;20;5
103;21;6
103;22;5
103;23;5
103;24;6
103;25;5
103;26;6
103;27;5
103;28;5
103;29;6
103;30;5
103;31;6
103;32;5
103;33;5
103;34;6
103;35;5
103;36;5
103;37;6
103;38;5
103;39;6
103;40;5
103;41;5
103;42;6
103;43;5
103;44;6
103;45;5
103;46;5
103;47;6
103;48;5
103;49;6
103;50;5
103;51;5
103;52;6
103;53;5
103;54;5
103;55;6
103;56;5
103;57;6
103;58;5
103;59;5
103;60;6
103;61;5
103;62;6
103;63;5
103;64;5
103;65;6
103;66;5
103;67;5
103;68;6
103;69;5
103;70;6
103;71;5
103;72;5
103;73;6
103;74;5
103;75;6
103;76;5
103;77;5
103;78;6
103;79;5
103;80;6
103;81;5
103;82;5
103;83;6
103;84;5
103;85;5
103;86;6
103;87;5
103;88;6
103;89;5
112;-5;5
112;-4;5
112;-3;5
112;-2;4
112;-1;5
112;0;5
112;1;5
112;2;5
112;3;5
112;4;4
112;5;5
112;6;5
112;7;5
112;8;5
112;9;5
112;10;4
112;11;5
112;12;5
112;13;5
112;14;5
112;15;5
112;16;4
112;17;5
112;18;5
112;19;5
112;20;5
112;21;5
112;22;4
112;23;5
112;24;5
112;25;5
112;26;5
112;27;5
112;28;5
112;29;4
112;30;5
112;31;5
112;32;5
112;33;5
112;34;5
112;35;4
112;36;5
112;37;5
112;38;5
112;39;5
112;40;5
112;41;4
112;42;5
112;43;5
112;44;5
112;45;5
112;46;5
112;47;4
112;48;5
112;49;5
112;50;5
112;51;5
112;52;5
112;53;4
112;54;5
112;55;5
112;56;5
112;57;5
112;58;5
112;59;5
112;60;4
112;61;5
112;62;5
112;63;5
112;64;5
112;65;5
112;66;4
112;67;5
112;68;5
112;69;5
112;70;5
112;71;5
112;72;4
112;73;5
112;74;5
112;75;5
112;76;5
112;77;5
112;78;4
112;79;5
112;80;5
112;81;5
112;82;5
112;83;5
112;84;4
112;85;5
112;86;5
112;87;5
116;-3;5
116;-2;5
116;-1;5
116;0;4
116;1;5
116;2;5
116;3;5
116;4;5
116;5;5
116;6;4
116;7;5
116;8;5
116;9;5
116;10;5
116;11;5
116;12;4
116;13;5
116;14;5
116;15;5
116;16;5
116;17;5
116;18;4
116;19;5
116;20;5
116;21;5
116;22;5
116;23;5
116;24;4
116;25;5
116;26;5
116;27;5
116;28;5
116;29;5
116;30;5
116;31;4
116;32;5
116;33;5
116;34;5
116;35;5
116;36;5
116;37;4
116;38;5
116;39;5
116;40;5
116;41;5
116;42;5
116;43;4
116;44;5
116;45;5
116;46;5
116;47;5
116;48;5
116;49;4
116;50;5
116;51;5
116;52;5
116;53;5
116;54;5
116;55;4
116;56;5
116;57;5
116;58;5
116;59;5
116;60;5
116;61;5
116;62;4
116;63;5
116;64;5
116;65;5
116;66;5
116;67;5
116;68;4
116;69;5
116;70;5
116;71;5
116;72;5
116;73;5
116;74;4
116;75;5
116;76;5
116;77;5
116;78;5
116;79;5
116;80;4
116;81;5
116;82;5
116;83;5
116;84;5
116;85;5
116;86;4
116;87;5
116;88;5
116;89;5
126;-1;4
126;0;4
126;1;4
126;2;5
126;3;4
126;4;4
126;5;4
126;6;4
126;7;4
126;8;4
126;9;4
126;10;5
126;11;4
126;12;4
126;13;4
126;14;4
126;15;4
126;16;4
126;17;4
126;18;5
126;19;4
126;20;4
126;21;4
126;22;4
126;23;4
126;24;4
126;25;4
126;26;5
126;27;4
126;28;4
126;29;4
126;30;4
126;31;4
126;32;4
126;33;5
126;34;4
126;35;4
126;36;4
126;37;4
126;38;4
126;39;4
126;40;4
126;41;5
126;42;4
126;43;4
126;44;4
126;45;4
126;46;4
126;47;4
126;48;4
126;49;5
126;50;4
126;51;4
126;52;4
126;53;4
126;54;4
126;55;4
126;56;4
126;57;5
126;58;4
126;59;4
126;60;4
126;61;4
126;62;4
126;63;4
126;64;5
126;65;4
126;66;4
126;67;4
126;68;4
126;69;4
126;70;4
126;71;4
126;72;5
126;73;4
126;74;4
126;75;4
126;76;4
126;77;4
126;78;4
126;79;4
126;80;5
126;81;4
126;82;4
126;83;4
126;84;4
126;85;4
126;86;4
126;87;4
126;88;5
126;89;4
126;90;4
126;91;4
131;-2;4
131;-1;4
131;0;4
131;1;3
131;2;4
131;3;4
131;4;4
131;5;4
131;6;4
131;7;4
131;8;4
131;9;3
131;10;4
131;11;4
131;12;4
131;13;4
131;14;4
131;15;4
131;16;4
131;17;3
131;18;4
131;19;4
131;20;4
131;21;4
131;22;4
131;23;4
131;24;4
131;25;3
131;26;4
131;27;4
131;28;4
131;29;4
131;30;4
131;31;4
131;32;3
131;33;4
131;34;4
131;35;4
131;36;4
131;37;4
131;38;4
131;39;4
131;40;3
131;41;4
131;42;4
131;43;4
131;44;4
131;45;4
131;46;4
131;47;4
131;48;3
131;49;4
131;50;4
131;51;4
131;52;4
131;53;4
131;54;4
131;55;4
131;56;3
131;57;4
131;58;4
131;59;4
131;60;4
131;61;4
131;62;4
131;63;3
131;64;4
131;65;4
131;66;4
131;67;4
131;68;4
131;69;4
131;70;4
131;71;3
131;72;4
131;73;4
131;74;4
131;75;4
131;76;4
131;77;4
131;78;4
131;79;3
131;80;4
131;81;4
131;82;4
131;83;4
131;84;4
131;85;4
131;86;4
131;87;3
131;88;4
131;89;4
131;90;4
136;-3;3
136;-2;4
136;-1;3
136;0;3
136;1;4
136;2;3
136;3;3
136;4;4
136;5;3
136;6;3
136;7;4
136;8;3
136;9;3
136;10;4
136;11;3
136;12;3
136;13;3
136;14;4
136;15;3
136;16;3
136;17;4
136;18;3
136;19;3
136;20;4
136;21;3
136;22;3
136;23;4
136;24;3
136;25;3
136;26;4
136;27;3
136;28;3
136;29;4
136;30;3
136;31;3
136;32;4
136;33;3
136;34;3
136;35;4
136;36;3
136;37;3
136;38;4
136;39;3
136;40;3
136;41;4
136;42;3
136;43;3
136;44;3
136;45;4
136;46;3
136;47;3
136;48;4
136;49;3
136;50;3
136;51;4
136;52;3
136;53;3
136;54;4
136;55;3
136;56;3
136;57;4
136;58;3
136;59;3
136;60;4
136;61;3
136;62;3
136;63;4
136;64;3
136;65;3
136;66;4
136;67;3
136;68;3
136;69;4
136;70;3
136;71;3
136;72;4
136;73;3
136;74;3
136;75;3
136;76;4
136;77;3
136;78;3
136;79;4
136;80;3
136;81;3
136;82;4
136;83;3
136;84;3
136;85;4
136;86;3
136;87;3
136;88;4
136;89;3
160;-3;3
160;-2;3
160;-1;3
160;0;3
160;1;3
160;2;3
160;3;3
160;4;4
160;5;3
160;6;3
160;7;3
160;8;3
160;9;3
160;10;3
160;11;3
160;12;3
160;13;3
160;14;3
160;15;3
160;16;3
160;17;3
160;18;3
160;19;3
160;20;4
160;21;3
160;22;3
160;23;3
160;24;3
160;25;3
160;26;3
160;27;3
160;28;3
160;29;3
160;30;3
160;31;3
160;32;3
160;33;3
160;34;3
160;35;4
160;36;3
160;37;3
160;38;3
160;39;3
160;40;3
160;41;3
160;42;3
160;43;3
160;44;3
160;45;3
160;46;3
160;47;3
160;48;3
160;49;3
160;50;3
160;51;4
160;52;3
160;53;3
160;54;3
160;55;3
160;56;3
160;57;3
160;58;3
160;59;3
160;60;3
160;61;3
160;62;3
160;63;3
160;64;3
160;65;3
160;66;4
160;67;3
160;68;3
160;69;3
160;70;3
160;71;3
160;72;3
160;73;3
160;74;3
160;75;3
160;76;3
160;77;3
160;78;3
160;79;3
160;80;3
160;81;3
160;82;4
160;83;3
160;84;3
160;85;3
160;86;3
160;87;3
160;88;3
160;89;3
165;-3;3
165;-2;3
165;-1;3
165;0;3
165;1;3
165;2;2
165;3;3
165;4;3
165;5;3
165;6;3
165;7;3
165;8;3
165;9;3
165;10;3
165;11;3
165;12;2
165;13;3
165;14;3
165;15;3
165;16;3
165;17;3
165;18;3
165;19;3
165;20;3
165;21;3
165;22;2
165;23;3
165;24;3
165;25;3
165;26;3
165;27;3
165;28;3
165;29;3
165;30;3
165;31;3
165;32;3
165;33;2
165;34;3
165;35;3
165;36;3
165;37;3
165;38;3
165;39;3
165;40;3
165;41;3
165;42;3
165;43;2
165;44;3
165;45;3
165;46;3
165;47;3
165;48;3
165;49;3
165;50;3
165;51;3
165;52;3
165;53;2
165;54;3
165;55;3
165;56;3
165;57;3
165;58;3
165;59;3
165;60;3
165;61;3
165;62;3
165;63;3
165;64;2
165;65;3
165;66;3
165;67;3
165;68;3
165;69;3
165;70;3
165;71;3
165;72;3
165;73;3
165;74;2
165;75;3
165;76;3
165;77;3
165;78;3
165;79;3
165;80;3
165;81;3
165;82;3
165;83;3
165;84;2
165;85;3
165;86;3
165;87;3
165;88;3
165;89;3
166;-3;3
166;-2;3
166;-1;3
166;0;2
166;1;3
166;2;3
166;3;3
166;4;3
166;5;3
166;6;3
166;7;3
166;8;2
166;9;3
166;10;3
166;11;3
166;12;3
166;13;3
166;14;3
166;15;3
166;16;2
166;17;3
166;18;3
166;19;3
166;20;3
166;21;3
166;22;3
166;23;3
166;24;2
166;25;3
166;26;3
166;27;3
166;28;3
166;29;3
166;30;3
166;31;2
166;32;3
166;33;3
166;34;3
166;35;3
166;36;3
166;37;3
166;38;3
166;39;2
166;40;3
166;41;3
166;42;3
166;43;3
166;44;3
166;45;3
166;46;3
166;47;2
166;48;3
166;49;3
166;50;3
166;51;3
166;52;3
166;53;3
166;54;3
166;55;2
166;56;3
166;57;3
166;58;3
166;59;3
166;60;3
166;61;3
166;62;2
166;63;3
166;64;3
166;65;3
166;66;3
166;67;3
166;68;3
166;69;3
166;70;2
166;71;3
166;72;3
166;73;3
166;74;3
166;75;3
166;76;3
166;77;3
166;78;2
166;79;3
166;80;3
166;81;3
166;82;3
166;83;3
166;84;3
166;85;3
166;86;2
166;87;3
166;88;3
166;89;3
172;-5;3
172;-4;2
172;-3;3
172;-2;2
172;-1;3
172;0;2
172;1;3
172;2;3
172;3;2
172;4;3
172;5;2
172;6;3
172;7;3
172;8;2
172;9;3
172;10;2
172;11;3
172;12;2
172;13;3
172;14;3
172;15;2
172;16;3
172;17;2
172;18;3
172;19;3
172;20;2
172;21;3
172;22;2
172;23;3
172;24;2
172;25;3
172;26;3
172;27;2
172;28;3
172;29;2
172;30;3
172;31;2
172;32;3
172;33;3
172;34;2
172;35;3
172;36;2
172;37;3
172;38;3
172;39;2
172;40;3
172;41;2
172;42;3
172;43;2
172;44;3
172;45;3
172;46;2
172;47;3
172;48;2
172;49;3
172;50;3
172;51;2
172;52;3
172;53;2
172;54;3
172;55;2
172;56;3
172;57;3
172;58;2
172;59;3
172;60;2
172;61;3
172;62;2
172;63;3
172;64;3
172;65;2
172;66;3
172;67;2
172;68;3
172;69;3
172;70;2
172;71;3
172;72;2
172;73;3
172;74;2
172;75;3
172;76;3
172;77;2
172;78;3
172;79;2
172;80;3
172;81;3
172;82;2
172;83;3
172;84;2
172;85;3
172;86;2
172;87;3
176;-2;2
176;-1;3
176;0;2
176;1;3
176;2;2
176;3;2
176;4;3
176;5;2
176;6;2
176;7;3
176;8;2
176;9;3
176;10;2
176;11;2
176;12;3
176;13;2
176;14;3
176;15;2
176;16;2
176;17;3
176;18;2
176;19;3
176;20;2
176;21;2
176;22;3
176;23;2
176;24;2
176;25;3
176;26;2
176;27;3
176;28;2
176;29;2
176;30;3
176;31;2
176;32;3
176;33;2
176;34;2
176;35;3
176;36;2
176;37;2
176;38;3
176;39;2
176;40;3
176;41;2
176;42;2
176;43;3
176;44;2
176;45;3
176;46;2
176;47;2
176;48;3
176;49;2
176;50;3
176;51;2
176;52;2
176;53;3
176;54;2
176;55;2
176;56;3
176;57;2
176;58;3
176;59;2
176;60;2
176;61;3
176;62;2
176;63;3
176;64;2
176;65;2
176;66;3
176;67;2
176;68;2
176;69;3
176;70;2
176;71;3
176;72;2
176;73;2
176;74;3
176;75;2
176;76;3
176;77;2
176;78;2
176;79;3
176;80;2
176;81;3
176;82;2
176;83;2
176;84;3
176;85;2
176;86;2
176;87;3
176;88;2
176;89;3
176;90;2
179;-6;2
179;-5;3
179;-4;2
179;-3;2
179;-2;2
179;-1;3
179;0;2
179;1;2
179;2;3
179;3;2
179;4;2
179;5;2
179;6;3
179;7;2
179;8;2
179;9;3
179;10;2
179;11;2
179;12;3
179;13;2
179;14;2
179;15;2
179;16;3
179;17;2
179;18;2
179;19;3
179;20;2
179;21;2
179;22;2
179;23;3
179;24;2
179;25;2
179;26;3
179;27;2
179;28;2
179;29;2
179;30;3
179;31;2
179;32;2
179;33;3
179;34;2
179;35;2
179;36;2
179;37;3
179;38;2
179;39;2
179;40;3
179;41;2
179;42;2
179;43;3
179;44;2
179;45;2
179;46;2
179;47;3
179;48;2
179;49;2
179;50;3
179;51;2
179;52;2
179;53;2
179;54;3
179;55;2
179;56;2
179;57;3
179;58;2
179;59;2
179;60;2
179;61;3
179;62;2
179;63;2
179;64;3
179;65;2
179;66;2
179;67;2
179;68;3
179;69;2
179;70;2
179;71;3
179;72;2
179;73;2
179;74;3
179;75;2
179;76;2
179;77;2
179;78;3
179;79;2
179;80;2
179;81;3
179;82;2
179;83;2
179;84;2
179;85;3
179;86;2
183;-2;2
183;-1;3
183;0;2
183;1;2
183;2;2
183;3;3
183;4;2
183;5;2
183;6;2
183;7;3
183;8;2
183;9;2
183;10;2
183;11;3
183;12;2
183;13;2
183;14;2
183;15;3
183;16;2
183;17;2
183;18;2
183;19;3
183;20;2
183;21;2
183;22;2
183;23;3
183;24;2
183;25;2
183;26;2
183;27;3
183;28;2
183;29;2
183;30;3
183;31;2
183;32;2
183;33;2
183;34;3
183;35;2
183;36;2
183;37;2
183;38;3
183;39;2
183;40;2
183;41;2
183;42;3
183;43;2
183;44;2
183;45;2
183;46;3
183;47;2
183;48;2
183;49;2
183;50;3
183;51;2
183;52;2
183;53;2
183;54;3
183;55;2
183;56;2
183;57;2
183;58;3
183;59;2
183;60;2
183;61;3
183;62;2
183;63;2
183;64;2
183;65;3
183;66;2
183;67;2
183;68;2
183;69;3
183;70;2
183;71;2
183;72;2
183;73;3
183;74;2
183;75;2
183;76;2
183;77;3
183;78;2
183;79;2
183;80;2
183;81;3
183;82;2
183;83;2
183;84;2
183;85;3
183;86;2
183;87;2
183;88;2
183;89;3
183;90;2
184;-3;2
184;-2;3
184;-1;2
184;0;2
184;1;2
184;2;3
184;3;2
184;4;2
184;5;2
184;6;3
184;7;2
184;8;2
184;9;2
184;10;3
184;11;2
184;12;2
184;13;2
184;14;3
184;15;2
184;16;2
184;17;2
184;18;3
184;19;2
184;20;2
184;21;2
184;22;3
184;23;2
184;24;2
184;25;2
184;26;3
184;27;2
184;28;2
184;29;3
184;30;2
184;31;2
184;32;2
184;33;3
184;34;2
184;35;2
184;36;2
184;37;3
184;38;2
184;39;2
184;40;2
184;41;3
184;42;2
184;43;2
184;44;2
184;45;3
184;46;2
184;47;2
184;48;2
184;49;3
184;50;2
184;51;2
184;52;2
184;53;3
184;54;2
184;55;2
184;56;2
184;57;3
184;58;2
184;59;2
184;60;3
184;61;2
184;62;2
184;63;2
184;64;3
184;65;2
184;66;2
184;67;2
184;68;3
184;69;2
184;70;2
184;71;2
184;72;3
184;73;2
184;74;2
184;75;2
184;76;3
184;77;2
184;78;2
184;79;2
184;80;3
184;81;2
184;82;2
184;83;2
184;84;3
184;85;2
184;86;2
184;87;2
184;88;3
184;89;2
187;-1;2
187;0;2
187;1;3
187;2;2
187;3;2
187;4;2
187;5;2
187;6;3
187;7;2
187;8;2
187;9;2
187;10;2
187;11;3
187;12;2
187;13;2
187;14;2
187;15;2
187;16;2
187;17;3
187;18;2
187;19;2
187;20;2
187;21;2
187;22;3
187;23;2
187;24;2
187;25;2
187;26;2
187;27;3
187;28;2
187;29;2
187;30;2
187;31;2
187;32;3
187;33;2
187;34;2
187;35;2
187;36;2
187;37;3
187;38;2
187;39;2
187;40;2
187;41;2
187;42;3
187;43;2
187;44;2
187;45;2
187;46;2
187;47;2
187;48;3
187;49;2
187;50;2
187;51;2
187;52;2
187;53;3
187;54;2
187;55;2
187;56;2
187;57;2
187;58;3
187;59;2
187;60;2
187;61;2
187;62;2
187;63;3
187;64;2
187;65;2
187;66;2
187;67;2
187;68;3
187;69;2
187;70;2
187;71;2
187;72;2
187;73;3
187;74;2
187;75;2
187;76;2
187;77;2
187;78;2
187;79;3
187;80;2
187;81;2
187;82;2
187;83;2
187;84;3
187;85;2
187;86;2
187;87;2
187;88;2
187;89;3
187;90;2
187;91;2
188;-1;2
188;0;2
188;1;3
188;2;2
188;3;2
188;4;2
188;5;2
188;6;3
188;7;2
188;8;2
188;9;2
188;10;2
188;11;3
188;12;2
188;13;2
188;14;2
188;15;2
188;16;2
188;17;3
188;18;2
188;19;2
188;20;2
188;21;2
188;22;3
188;23;2
188;24;2
188;25;2
188;26;2
188;27;3
188;28;2
188;29;2
188;30;2
188;31;2
188;32;3
188;33;2
188;34;2
188;35;2
188;36;2
188;37;3
188;38;2
188;39;2
188;40;2
188;41;2
188;42;3
188;43;2
188;44;2
188;45;2
188;46;2
188;47;2
188;48;3
188;49;2
188;50;2
188;51;2
188;52;2
188;53;3
188;54;2
188;55;2
188;56;2
188;57;2
188;58;3
188;59;2
188;60;2
188;61;2
188;62;2
188;63;3
188;64;2
188;65;2
188;66;2
188;67;2
188;68;3
188;69;2
188;70;2
188;71;2
188;72;2
188;73;3
188;74;2
188;75;2
188;76;2
188;77;2
188;78;2
188;79;3
188;80;2
188;81;2
188;82;2
188;83;2
188;84;3
188;85;2
188;86;2
188;87;2
188;88;2
188;89;3
188;90;2
188;91;2
189;-3;2
189;-2;2
189;-1;3
189;0;2
189;1;2
189;2;2
189;3;2
189;4;3
189;5;2
189;6;2
189;7;2
189;8;2
189;9;3
189;10;2
189;11;2
189;12;2
189;13;2
189;14;2
189;15;3
189;16;2
189;17;2
189;18;2
189;19;2
189;20;3
189;21;2
189;22;2
189;23;2
189;24;2
189;25;3
189;26;2
189;27;2
189;28;2
189;29;2
189;30;3
189;31;2
189;32;2
189;33;2
189;34;2
189;35;3
189;36;2
189;37;2
189;38;2
189;39;2
189;40;3
189;41;2
189;42;2
189;43;2
189;44;2
189;45;2
189;46;3
189;47;2
189;48;2
189;49;2
189;50;2
189;51;3
189;52;2
189;53;2
189;54;2
189;55;2
189;56;3
189;57;2
189;58;2
189;59;2
189;60;2
189;61;3
189;62;2
189;63;2
189;64;2
189;65;2
189;66;3
189;67;2
189;68;2
189;69;2
189;70;2
189;71;3
189;72;2
189;73;2
189;74;2
189;75;2
189;76;2
189;77;3
189;78;2
189;79;2
189;80;2
189;81;2
189;82;3
189;83;2
189;84;2
189;85;2
189;86;2
189;87;3
189;88;2
189;89;2
190;-1;2
190;0;2
190;1;3
190;2;2
190;3;2
190;4;2
190;5;2
190;6;3
190;7;2
190;8;2
190;9;2
190;10;2
190;11;3
190;12;2
190;13;2
190;14;2
190;15;2
190;16;2
190;17;3
190;18;2
190;19;2
190;20;2
190;21;2
190;22;3
190;23;2
190;24;2
190;25;2
190;26;2
190;27;3
190;28;2
190;29;2
190;30;2
190;31;2
190;32;3
190;33;2
190;34;2
190;35;2
190;36;2
190;37;3
190;38;2
190;39;2
190;40;2
190;41;2
190;42;3
190;43;2
190;44;2
190;45;2
190;46;2
190;47;2
190;48;3
190;49;2
190;50;2
190;51;2
190;52;2
190;53;3
190;54;2
190;55;2
190;56;2
190;57;2
190;58;3
190;59;2
190;60;2
190;61;2
190;62;2
190;63;3
190;64;2
190;65;2
190;66;2
190;67;2
190;68;3
190;69;2
190;70;2
190;71;2
190;72;2
190;73;3
190;74;2
190;75;2
190;76;2
190;77;2
190;78;2
190;79;3
190;80;2
190;81;2
190;82;2
190;83;2
190;84;3
190;85;2
190;86;2
190;87;2
190;88;2
190;89;3
190;90;2
190;91;2
191;-6;2
191;-5;2
191;-4;2
191;-3;3
191;-2;2
191;-1;2
191;0;2
191;1;2
191;2;2
191;3;3
191;4;2
191;5;2
191;6;2
191;7;2
191;8;2
191;9;3
191;10;2
191;11;2
191;12;2
191;13;2
191;14;2
191;15;3
191;16;2
191;17;2
191;18;2
191;19;2
191;20;2
191;21;3
191;22;2
191;23;2
191;24;2
191;25;2
191;26;2
191;27;2
191;28;3
191;29;2
191;30;2
191;31;2
191;32;2
191;33;2
191;34;3
191;35;2
191;36;2
191;37;2
191;38;2
191;39;2
191;40;3
191;41;2
191;42;2
191;43;2
191;44;2
191;45;2
191;46;3
191;47;2
191;48;2
191;49;2
191;50;2
191;51;2
191;52;3
191;53;2
191;54;2
191;55;2
191;56;2
191;57;2
191;58;2
191;59;3
191;60;2
191;61;2
191;62;2
191;63;2
191;64;2
191;65;3
191;66;2
191;67;2
191;68;2
191;69;2
191;70;2
191;71;3
191;72;2
191;73;2
191;74;2
191;75;2
191;76;2
191;77;3
191;78;2
191;79;2
191;80;2
191;81;2
191;82;2
191;83;3
191;84;2
191;85;2
191;86;2
192;-3;2
192;-2;2
192;-1;2
192;0;3
192;1;2
192;2;2
192;3;2
192;4;2
192;5;2
192;6;3
192;7;2
192;8;2
192;9;2
192;10;2
192;11;2
192;12;3
192;13;2
192;14;2
192;15;2
192;16;2
192;17;2
192;18;3
192;19;2
192;20;2
192;21;2
192;22;2
192;23;2
192;24;3
192;25;2
192;26;2
192;27;2
192;28;2
192;29;2
192;30;2
192;31;3
192;32;2
192;33;2
192;34;2
192;35;2
192;36;2
192;37;3
192;38;2
192;39;2
192;40;2
192;41;2
192;42;2
192;43;3
192;44;2
192;45;2
192;46;2
192;47;2
192;48;2
192;49;3
192;50;2
192;51;2
192;52;2
192;53;2
192;54;2
192;55;3
192;56;2
192;57;2
192;58;2
192;59;2
192;60;2
192;61;2
192;62;3
192;63;2
192;64;2
192;65;2
192;66;2
192;67;2
192;68;3
192;69;2
192;70;2
192;71;2
192;72;2
192;73;2
192;74;3
192;75;2
192;76;2
192;77;2
192;78;2
192;79;2
192;80;3
192;81;2
192;82;2
192;83;2
192;84;2
192;85;2
192;86;3
192;87;2
192;88;2
192;89;2
195;-5;2
195;-4;2
195;-3;2
195;-2;2
195;-1;2
195;0;2
195;1;2
195;2;3
195;3;2
195;4;2
195;5;2
195;6;2
195;7;2
195;8;2
195;9;2
195;10;2
195;11;2
195;12;2
195;13;2
195;14;2
195;15;2
195;16;2
195;17;2
195;18;3
195;19;2
195;20;2
195;21;2
195;22;2
195;23;2
195;24;2
195;25;2
195;26;2
195;27;2
195;28;2
195;29;2
195;30;2
195;31;2
195;32;2
195;33;3
195;34;2
195;35;2
195;36;2
195;37;2
195;38;2
195;39;2
195;40;2
195;41;2
195;42;2
195;43;2
195;44;2
195;45;2
195;46;2
195;47;2
195;48;2
195;49;3
195;50;2
195;51;2
195;52;2
195;53;2
195;54;2
195;55;2
195;56;2
195;57;2
195;58;2
195;59;2
195;60;2
195;61;2
195;62;2
195;63;2
195;64;3
195;65;2
195;66;2
195;67;2
195;68;2
195;69;2
195;70;2
195;71;2
195;72;2
195;73;2
195;74;2
195;75;2
195;76;2
195;77;2
195;78;2
195;79;2
195;80;3
195;81;2
195;82;2
195;83;2
195;84;2
195;85;2
195;86;2
195;87;2
207;-6;2
207;-5;2
207;-4;2
207;-3;2
207;-2;2
207;-1;2
207;0;2
207;1;1
207;2;2
207;3;2
207;4;2
207;5;2
207;6;2
207;7;2
207;8;2
207;9;2
207;10;2
207;11;2
207;12;2
207;13;2
207;14;2
207;15;2
207;16;2
207;17;1
207;18;2
207;19;2
207;20;2
207;21;2
207;22;2
207;23;2
207;24;2
207;25;2
207;26;2
207;27;2
207;28;2
207;29;2
207;30;2
207;31;2
207;32;1
207;33;2
207;34;2
207;35;2
207;36;2
207;37;2
207;38;2
207;39;2
207;40;2
207;41;2
207;42;2
207;43;2
207;44;2
207;45;2
207;46;2
207;47;2
207;48;1
207;49;2
207;50;2
207;51;2
207;52;2
207;53;2
207;54;2
207;55;2
207;56;2
207;57;2
207;58;2
207;59;2
207;60;2
207;61;2
207;62;2
207;63;1
207;64;2
207;65;2
207;66;2
207;67;2
207;68;2
207;69;2
207;70;2
207;71;2
207;72;2
207;73;2
207;74;2
207;75;2
207;76;2
207;77;2
207;78;2
207;79;1
207;80;2
207;81;2
207;82;2
207;83;2
207;84;2
207;85;2
207;86;2
218;-3;2
218;-2;1
218;-1;2
218;0;2
218;1;1
218;2;2
218;3;2
218;4;1
218;5;2
218;6;1
218;7;2
218;8;2
218;9;1
218;10;2
218;11;2
218;12;1
218;13;2
218;14;2
218;15;1
218;16;2
218;17;2
218;18;1
218;19;2
218;20;1
218;21;2
218;22;2
218;23;1
218;24;2
218;25;2
218;26;1
218;27;2
218;28;2
218;29;1
218;30;2
218;31;2
218;32;1
218;33;2
218;34;2
218;35;1
218;36;2
218;37;1
218;38;2
218;39;2
218;40;1
218;41;2
218;42;2
218;43;1
218;44;2
218;45;2
218;46;1
218;47;2
218;48;2
218;49;1
218;50;2
218;51;1
218;52;2
218;53;2
218;54;1
218;55;2
218;56;2
218;57;1
218;58;2
218;59;2
218;60;1
218;61;2
218;62;2
218;63;1
218;64;2
218;65;2
218;66;1
218;67;2
218;68;1
218;69;2
218;70;2
218;71;1
218;72;2
218;73;2
218;74;1
218;75;2
218;76;2
218;77;1
218;78;2
218;79;2
218;80;1
218;81;2
218;82;1
218;83;2
218;84;2
218;85;1
218;86;2
218;87;2
218;88;1
218;89;2
240;-3;2
240;-2;1
240;-1;2
240;0;1
240;1;2
240;2;2
240;3;1
240;4;2
240;5;2
240;6;1
240;7;2
240;8;1
240;9;2
240;10;2
240;11;1
240;12;2
240;13;1
240;14;2
240;15;2
240;16;1
240;17;2
240;18;1
240;19;2
240;20;2
240;21;1
240;22;2
240;23;2
240;24;1
240;25;2
240;26;1
240;27;2
240;28;2
240;29;1
240;30;2
240;31;1
240;32;2
240;33;2
240;34;1
240;35;2
240;36;2
240;37;1
240;38;2
240;39;1
240;40;2
240;41;2
240;42;1
240;43;2
240;44;1
240;45;2
240;46;2
240;47;1
240;48;2
240;49;1
240;50;2
240;51;2
240;52;1
240;53;2
240;54;2
240;55;1
240;56;2
240;57;1
240;58;2
240;59;2
240;60;1
240;61;2
240;62;1
240;63;2
240;64;2
240;65;1
240;66;2
240;67;2
240;68;1
240;69;2
240;70;1
240;71;2
240;72;2
240;73;1
240;74;2
240;75;1
240;76;2
240;77;2
240;78;1
240;79;2
240;80;1
240;81;2
240;82;2
240;83;1
240;84;2
240;85;2
240;86;1
240;87;2
240;88;1
240;89;2
245;-3;1
245;-2;2
245;-1;1
245;0;2
245;1;1
245;2;2
245;3;1
245;4;2
245;5;1
245;6;2
245;7;1
245;8;2
245;9;1
245;10;2
245;11;1
245;12;2
245;13;1
245;14;2
245;15;1
245;16;2
245;17;1
245;18;2
245;19;1
245;20;2
245;21;1
245;22;2
245;23;1
245;24;2
245;25;1
245;26;2
245;27;1
245;28;1
245;29;2
245;30;1
245;31;2
245;32;1
245;33;2
245;34;1
245;35;2
245;36;1
245;37;2
245;38;1
245;39;2
245;40;1
245;41;2
245;42;1
245;43;2
245;44;1
245;45;2
245;46;1
245;47;2
245;48;1
245;49;2
245;50;1
245;51;2
245;52;1
245;53;2
245;54;1
245;55;2
245;56;1
245;57;2
245;58;1
245;59;1
245;60;2
245;61;1
245;62;2
245;63;1
245;64;2
245;65;1
245;66;2
245;67;1
245;68;2
245;69;1
245;70;2
245;71;1
245;72;2
245;73;1
245;74;2
245;75;1
245;76;2
245;77;1
245;78;2
245;79;1
245;80;2
245;81;1
245;82;2
245;83;1
245;84;2
245;85;1
245;86;2
245;87;1
245;88;2
245;89;1
250;-3;1
250;-2;2
250;-1;1
250;0;2
250;1;1
250;2;1
250;3;2
250;4;1
250;5;1
250;6;2
250;7;1
250;8;2
250;9;1
250;10;1
250;11;2
250;12;1
250;13;2
250;14;1
250;15;1
250;16;2
250;17;1
250;18;2
250;19;1
250;20;1
250;21;2
250;22;1
250;23;1
250;24;2
250;25;1
250;26;2
250;27;1
250;28;1
250;29;2
250;30;1
250;31;2
250;32;1
250;33;1
250;34;2
250;35;1
250;36;1
250;37;2
250;38;1
250;39;2
250;40;1
250;41;1
250;42;2
250;43;1
250;44;2
250;45;1
250;46;1
250;47;2
250;48;1
250;49;2
250;50;1
250;51;1
250;52;2
250;53;1
250;54;1
250;55;2
250;56;1
250;57;2
250;58;1
250;59;1
250;60;2
250;61;1
250;62;2
250;63;1
250;64;1
250;65;2
250;66;1
250;67;1
250;68;2
250;69;1
250;70;2
250;71;1
250;72;1
250;73;2
250;74;1
250;75;2
250;76;1
250;77;1
250;78;2
250;79;1
250;80;2
250;81;1
250;82;1
250;83;2
250;84;1
250;85;1
250;86;2
250;87;1
250;88;2
250;89;1
251;-1;1
251;0;2
251;1;1
251;2;2
251;3;1
251;4;1
251;5;2
251;6;1
251;7;1
251;8;2
251;9;1
251;10;2
251;11;1
251;12;1
251;13;2
251;14;1
251;15;2
251;16;1
251;17;1
251;18;2
251;19;1
251;20;2
251;21;1
251;22;1
251;23;2
251;24;1
251;25;1
251;26;2
251;27;1
251;28;2
251;29;1
251;30;1
251;31;2
251;32;1
251;33;2
251;34;1
251;35;1
251;36;2
251;37;1
251;38;1
251;39;2
251;40;1
251;41;2
251;42;1
251;43;1
251;44;2
251;45;1
251;46;2
251;47;1
251;48;1
251;49;2
251;50;1
251;51;2
251;52;1
251;53;1
251;54;2
251;55;1
251;56;1
251;57;2
251;58;1
251;59;2
251;60;1
251;61;1
251;62;2
251;63;1
251;64;2
251;65;1
251;66;1
251;67;2
251;68;1
251;69;1
251;70;2
251;71;1
251;72;2
251;73;1
251;74;1
251;75;2
251;76;1
251;77;2
251;78;1
251;79;1
251;80;2
251;81;1
251;82;2
251;83;1
251;84;1
251;85;2
251;86;1
251;87;1
251;88;2
251;89;1
251;90;2
251;91;1
252;-2;1
252;-1;2
252;0;1
252;1;2
252;2;1
252;3;1
252;4;2
252;5;1
252;6;1
252;7;2
252;8;1
252;9;2
252;10;1
252;11;1
252;12;2
252;13;1
252;14;2
252;15;1
252;16;1
252;17;2
252;18;1
252;19;2
252;20;1
252;21;1
252;22;2
252;23;1
252;24;1
252;25;2
252;26;1
252;27;2
252;28;1
252;29;1
252;30;2
252;31;1
252;32;2
252;33;1
252;34;1
252;35;2
252;36;1
252;37;1
252;38;2
252;39;1
252;40;2
252;41;1
252;42;1
252;43;2
252;44;1
252;45;2
252;46;1
252;47;1
252;48;2
252;49;1
252;50;2
252;51;1
252;52;1
252;53;2
252;54;1
252;55;1
252;56;2
252;57;1
252;58;2
252;59;1
252;60;1
252;61;2
252;62;1
252;63;2
252;64;1
252;65;1
252;66;2
252;67;1
252;68;1
252;69;2
252;70;1
252;71;2
252;72;1
252;73;1
252;74;2
252;75;1
252;76;2
252;77;1
252;78;1
252;79;2
252;80;1
252;81;2
252;82;1
252;83;1
252;84;2
252;85;1
252;86;1
252;87;2
252;88;1
252;89;2
252;90;1
253;-1;1
253;0;2
253;1;1
253;2;2
253;3;1
253;4;1
253;5;2
253;6;1
253;7;1
253;8;2
253;9;1
253;10;2
253;11;1
253;12;1
253;13;2
253;14;1
253;15;2
253;16;1
253;17;1
253;18;2
253;19;1
253;20;2
253;21;1
253;22;1
253;23;2
253;24;1
253;25;1
253;26;2
253;27;1
253;28;2
253;29;1
253;30;1
253;31;2
253;32;1
253;33;2
253;34;1
253;35;1
253;36;2
253;37;1
253;38;1
253;39;2
253;40;1
253;41;2
253;42;1
253;43;1
253;44;2
253;45;1
253;46;2
253;47;1
253;48;1
253;49;2
253;50;1
253;51;2
253;52;1
253;53;1
253;54;2
253;55;1
253;56;1
253;57;2
253;58;1
253;59;2
253;60;1
253;61;1
253;62;2
253;63;1
253;64;2
253;65;1
253;66;1
253;67;2
253;68;1
253;69;1
253;70;2
253;71;1
253;72;2
253;73;1
253;74;1
253;75;2
253;76;1
253;77;2
253;78;1
253;79;1
253;80;2
253;81;1
253;82;2
253;83;1
253;84;1
253;85;2
253;86;1
253;87;1
253;88;2
253;89;1
253;90;2
253;91;1
272;-3;1
272;-2;2
272;-1;1
272;0;1
272;1;1
272;2;2
272;3;1
272;4;1
272;5;2
272;6;1
272;7;1
272;8;1
272;9;2
272;10;1
272;11;1
272;12;2
272;13;1
272;14;1
272;15;2
272;16;1
272;17;1
272;18;1
272;19;2
272;20;1
272;21;1
272;22;2
272;23;1
272;24;1
272;25;1
272;26;2
272;27;1
272;28;1
272;29;2
272;30;1
272;31;1
272;32;1
272;33;2
272;34;1
272;35;1
272;36;2
272;37;1
272;38;1
272;39;1
272;40;2
272;41;1
272;42;1
272;43;2
272;44;1
272;45;1
272;46;2
272;47;1
272;48;1
272;49;1
272;50;2
272;51;1
272;52;1
272;53;2
272;54;1
272;55;1
272;56;1
272;57;2
272;58;1
272;59;1
272;60;2
272;61;1
272;62;1
272;63;1
272;64;2
272;65;1
272;66;1
272;67;2
272;68;1
272;69;1
272;70;1
272;71;2
272;72;1
272;73;1
272;74;2
272;75;1
272;76;1
272;77;2
272;78;1
272;79;1
272;80;1
272;81;2
272;82;1
272;83;1
272;84;2
272;85;1
272;86;1
272;87;1
272;88;2
272;89;1
274;-1;1
274;0;2
274;1;1
274;2;1
274;3;1
274;4;2
274;5;1
274;6;1
274;7;1
274;8;2
274;9;1
274;10;1
274;11;1
274;12;2
274;13;1
274;14;1
274;15;1
274;16;2
274;17;1
274;18;1
274;19;1
274;20;2
274;21;1
274;22;1
274;23;1
274;24;2
274;25;1
274;26;1
274;27;1
274;28;2
274;29;1
274;30;1
274;31;2
274;32;1
274;33;1
274;34;1
274;35;2
274;36;1
274;37;1
274;38;1
274;39;2
274;40;1
274;41;1
274;42;1
274;43;2
274;44;1
274;45;1
274;46;1
274;47;2
274;48;1
274;49;1
274;50;1
274;51;2
274;52;1
274;53;1
274;54;1
274;55;2
274;56;1
274;57;1
274;58;1
274;59;2
274;60;1
274;61;1
274;62;2
274;63;1
274;64;1
274;65;1
274;66;2
274;67;1
274;68;1
274;69;1
274;70;2
274;71;1
274;72;1
274;73;1
274;74;2
274;75;1
274;76;1
274;77;1
274;78;2
274;79;1
274;80;1
274;81;1
274;82;2
274;83;1
274;84;1
274;85;1
274;86;2
274;87;1
274;88;1
274;89;1
274;90;2
274;91;1
278;-3;1
278;-2;1
278;-1;2
278;0;1
278;1;1
278;2;1
278;3;1
278;4;2
278;5;1
278;6;1
278;7;1
278;8;1
278;9;2
278;10;1
278;11;1
278;12;1
278;13;1
278;14;1
278;15;2
278;16;1
278;17;1
278;18;1
278;19;1
278;20;2
278;21;1
278;22;1
278;23;1
278;24;1
278;25;2
278;26;1
278;27;1
278;28;1
278;29;1
278;30;2
278;31;1
278;32;1
278;33;1
278;34;1
278;35;2
278;36;1
278;37;1
278;38;1
278;39;1
278;40;2
278;41;1
278;42;1
278;43;1
278;44;1
278;45;1
278;46;2
278;47;1
278;48;1
278;49;1
278;50;1
278;51;2
278;52;1
278;53;1
278;54;1
278;55;1
278;56;2
278;57;1
278;58;1
278;59;1
278;60;1
278;61;2
278;62;1
278;63;1
278;64;1
278;65;1
278;66;2
278;67;1
278;68;1
278;69;1
278;70;1
278;71;2
278;72;1
278;73;1
278;74;1
278;75;1
278;76;1
278;77;2
278;78;1
278;79;1
278;80;1
278;81;1
278;82;2
278;83;1
278;84;1
278;85;1
278;86;1
278;87;2
278;88;1
278;89;1
279;-6;1
279;-5;1
279;-4;2
279;-3;1
279;-2;1
279;-1;1
279;0;1
279;1;2
279;2;1
279;3;1
279;4;1
279;5;1
279;6;2
279;7;1
279;8;1
279;9;1
279;10;1
279;11;1
279;12;2
279;13;1
279;14;1
279;15;1
279;16;1
279;17;2
279;18;1
279;19;1
279;20;1
279;21;1
279;22;2
279;23;1
279;24;1
279;25;1
279;26;1
279;27;2
279;28;1
279;29;1
279;30;1
279;31;1
279;32;2
279;33;1
279;34;1
279;35;1
279;36;1
279;37;2
279;38;1
279;39;1
279;40;1
279;41;1
279;42;1
279;43;2
279;44;1
279;45;1
279;46;1
279;47;1
279;48;2
279;49;1
279;50;1
279;51;1
279;52;1
279;53;2
279;54;1
279;55;1
279;56;1
279;57;1
279;58;2
279;59;1
279;60;1
279;61;1
279;62;1
279;63;2
279;64;1
279;65;1
279;66;1
279;67;1
279;68;2
279;69;1
279;70;1
279;71;1
279;72;1
279;73;1
279;74;2
279;75;1
279;76;1
279;77;1
279;78;1
279;79;2
279;80;1
279;81;1
279;82;1
279;83;1
279;84;2
279;85;1
279;86;1
282;-7;1
282;-6;1
282;-5;1
282;-4;2
282;-3;1
282;-2;1
282;-1;1
282;0;1
282;1;1
282;2;2
282;3;1
282;4;1
282;5;1
282;6;1
282;7;1
282;8;2
282;9;1
282;10;1
282;11;1
282;12;1
282;13;1
282;14;2
282;15;1
282;16;1
282;17;1
282;18;1
282;19;1
282;20;2
282;21;1
282;22;1
282;23;1
282;24;1
282;25;1
282;26;1
282;27;2
282;28;1
282;29;1
282;30;1
282;31;1
282;32;1
282;33;2
282;34;1
282;35;1
282;36;1
282;37;1
282;38;1
282;39;2
282;40;1
282;41;1
282;42;1
282;43;1
282;44;1
282;45;2
282;46;1
282;47;1
282;48;1
282;49;1
282;50;1
282;51;2
282;52;1
282;53;1
282;54;1
282;55;1
282;56;1
282;57;1
282;58;2
282;59;1
282;60;1
282;61;1
282;62;1
282;63;1
282;64;2
282;65;1
282;66;1
282;67;1
282;68;1
282;69;1
282;70;2
282;71;1
282;72;1
282;73;1
282;74;1
282;75;1
282;76;2
282;77;1
282;78;1
282;79;1
282;80;1
282;81;1
282;82;2
282;83;1
282;84;1
282;85;1
283;-2;1
283;-1;1
283;0;1
283;1;2
283;2;1
283;3;1
283;4;1
283;5;1
283;6;1
283;7;2
283;8;1
283;9;1
283;10;1
283;11;1
283;12;1
283;13;2
283;14;1
283;15;1
283;16;1
283;17;1
283;18;1
283;19;2
283;20;1
283;21;1
283;22;1
283;23;1
283;24;1
283;25;2
283;26;1
283;27;1
283;28;1
283;29;1
283;30;1
283;31;1
283;32;2
283;33;1
283;34;1
283;35;1
283;36;1
283;37;1
283;38;2
283;39;1
283;40;1
283;41;1
283;42;1
283;43;1
283;44;2
283;45;1
283;46;1
283;47;1
283;48;1
283;49;1
283;50;2
283;51;1
283;52;1
283;53;1
283;54;1
283;55;1
283;56;2
283;57;1
283;58;1
283;59;1
283;60;1
283;61;1
283;62;1
283;63;2
283;64;1
283;65;1
283;66;1
283;67;1
283;68;1
283;69;2
283;70;1
283;71;1
283;72;1
283;73;1
283;74;1
283;75;2
283;76;1
283;77;1
283;78;1
283;79;1
283;80;1
283;81;2
283;82;1
283;83;1
283;84;1
283;85;1
283;86;1
283;87;2
283;88;1
283;89;1
283;90;1
301;-5;1
301;-4;1
301;-3;1
301;-2;1
301;-1;1
301;0;1
301;1;1
301;2;1
301;3;1
301;4;1
301;5;1
301;6;1
301;7;1
301;8;1
301;9;1
301;10;1
301;11;1
301;12;1
301;13;1
301;14;1
301;15;1
301;16;1
301;17;1
301;18;1
301;19;1
301;20;1
301;21;1
301;22;1
301;23;1
301;24;1
301;25;1
301;26;1
301;27;1
301;28;1
301;29;1
301;30;1
301;31;1
301;32;1
301;33;1
301;34;1
301;35;1
301;36;1
301;37;1
301;38;1
301;39;1
301;40;1
301;41;1
301;42;1
301;43;1
301;44;1
301;45;1
301;46;1
301;47;1
301;48;1
301;49;1
301;50;1
301;51;1
301;52;1
301;53;1
301;54;1
301;55;1
301;56;1
301;57;1
301;58;1
301;59;1
301;60;1
301;61;1
301;62;1
301;63;1
301;64;1
301;65;1
301;66;1
301;67;1
301;68;1
301;69;1
301;70;1
301;71;1
301;72;1
301;73;1
301;74;1
301;75;1
301;76;1
301;77;1
301;78;1
301;79;1
301;80;1
301;81;1
301;82;1
301;83;1
301;84;1
301;85;1
301;86;1
301;87;1
308;-6;1
308;-5;1
308;-4;1
308;-3;1
308;-2;1
308;-1;1
308;0;1
308;1;1
308;2;1
308;3;1
308;4;1
308;5;1
308;6;1
308;7;1
308;8;1
308;10;1
308;11;1
308;12;1
308;13;1
308;14;1
308;15;1
308;16;1
308;17;1
308;18;1
308;19;1
308;20;1
308;21;1
308;22;1
308;23;1
308;24;1
308;25;1
308;26;1
308;27;1
308;28;1
308;29;1
308;30;1
308;31;1
308;32;1
308;33;1
308;34;1
308;35;1
308;36;1
308;37;1
308;38;1
308;39;1
308;41;1
308;42;1
308;43;1
308;44;1
308;45;1
308;46;1
308;47;1
308;48;1
308;49;1
308;50;1
308;51;1
308;52;1
308;53;1
308;54;1
308;55;1
308;56;1
308;57;1
308;58;1
308;59;1
308;60;1
308;61;1
308;62;1
308;63;1
308;64;1
308;65;1
308;66;1
308;67;1
308;68;1
308;69;1
308;70;1
308;72;1
308;73;1
308;74;1
308;75;1
308;76;1
308;77;1
308;78;1
308;79;1
308;80;1
308;81;1
308;82;1
308;83;1
308;84;1
308;85;1
308;86;1
313;-6;1
313;-5;1
313;-4;1
313;-3;1
313;-2;1
313;-1;1
313;0;1
313;1;1
313;2;1
313;3;1
313;4;1
313;5;1
313;6;1
313;7;1
313;8;1
313;10;1
313;11;1
313;12;1
313;13;1
313;14;1
313;15;1
313;16;1
313;17;1
313;18;1
313;19;1
313;20;1
313;21;1
313;22;1
313;23;1
313;24;1
313;25;1
313;26;1
313;27;1
313;28;1
313;29;1
313;30;1
313;31;1
313;32;1
313;33;1
313;34;1
313;35;1
313;36;1
313;37;1
313;38;1
313;39;1
313;41;1
313;42;1
313;43;1
313;44;1
313;45;1
313;46;1
313;47;1
313;48;1
313;49;1
313;50;1
313;51;1
313;52;1
313;53;1
313;54;1
313;55;1
313;56;1
313;57;1
313;58;1
313;59;1
313;60;1
313;61;1
313;62;1
313;63;1
313;64;1
313;65;1
313;66;1
313;67;1
313;68;1
313;69;1
313;70;1
313;72;1
313;73;1
313;74;1
313;75;1
313;76;1
313;77;1
313;78;1
313;79;1
313;80;1
313;81;1
313;82;1
313;83;1
313;84;1
313;85;1
313;86;1
327;-11;1
327;-10;1
327;-9;1
327;-8;1
327;-7;1
327;-6;1
327;-5;1
327;-4;1
327;-3;1
327;-2;1
327;-1;1
327;0;1
327;1;1
327;2;1
327;3;1
327;5;1
327;6;1
327;7;1
327;8;1
327;9;1
327;10;1
327;11;1
327;12;1
327;13;1
327;14;1
327;15;1
327;16;1
327;17;1
327;18;1
327;19;1
327;20;1
327;21;1
327;22;1
327;23;1
327;24;1
327;25;1
327;26;1
327;27;1
327;28;1
327;29;1
327;30;1
327;31;1
327;32;1
327;33;1
327;34;1
327;36;1
327;37;1
327;38;1
327;39;1
327;40;1
327;41;1
327;42;1
327;43;1
327;44;1
327;45;1
327;46;1
327;47;1
327;48;1
327;49;1
327;50;1
327;51;1
327;52;1
327;53;1
327;54;1
327;55;1
327;56;1
327;57;1
327;58;1
327;59;1
327;60;1
327;61;1
327;62;1
327;63;1
327;64;1
327;65;1
327;67;1
327;68;1
327;69;1
327;70;1
327;71;1
327;72;1
327;73;1
327;74;1
327;75;1
327;76;1
327;77;1
327;78;1
327;79;1
327;80;1
327;81;1
335;-3;1
335;-2;1
335;-1;1
335;0;1
335;1;1
335;2;1
335;3;1
335;5;1
335;6;1
335;7;1
335;8;1
335;9;1
335;10;1
335;11;1
335;12;1
335;13;1
335;14;1
335;15;1
335;16;1
335;17;1
335;18;1
335;19;1
335;21;1
335;22;1
335;23;1
335;24;1
335;25;1
335;26;1
335;27;1
335;28;1
335;29;1
335;30;1
335;31;1
335;32;1
335;33;1
335;34;1
335;36;1
335;37;1
335;38;1
335;39;1
335;40;1
335;41;1
335;42;1
335;43;1
335;44;1
335;45;1
335;46;1
335;47;1
335;48;1
335;49;1
335;50;1
335;52;1
335;53;1
335;54;1
335;55;1
335;56;1
335;57;1
335;58;1
335;59;1
335;60;1
335;61;1
335;62;1
335;63;1
335;64;1
335;65;1
335;67;1
335;68;1
335;69;1
335;70;1
335;71;1
335;72;1
335;73;1
335;74;1
335;75;1
335;76;1
335;77;1
335;78;1
335;79;1
335;80;1
335;81;1
335;83;1
335;84;1
335;85;1
335;86;1
335;87;1
335;88;1
335;89;1
336;-2;1
336;-1;1
336;0;1
336;1;1
336;2;1
336;3;1
336;4;1
336;6;1
336;7;1
336;8;1
336;9;1
336;10;1
336;11;1
336;12;1
336;13;1
336;14;1
336;15;1
336;16;1
336;17;1
336;18;1
336;19;1
336;20;1
336;22;1
336;23;1
336;24;1
336;25;1
336;26;1
336;27;1
336;28;1
336;29;1
336;30;1
336;31;1
336;32;1
336;33;1
336;34;1
336;35;1
336;37;1
336;38;1
336;39;1
336;40;1
336;41;1
336;42;1
336;43;1
336;44;1
336;45;1
336;46;1
336;47;1
336;48;1
336;49;1
336;50;1
336;51;1
336;53;1
336;54;1
336;55;1
336;56;1
336;57;1
336;58;1
336;59;1
336;60;1
336;61;1
336;62;1
336;63;1
336;64;1
336;65;1
336;66;1
336;68;1
336;69;1
336;70;1
336;71;1
336;72;1
336;73;1
336;74;1
336;75;1
336;76;1
336;77;1
336;78;1
336;79;1
336;80;1
336;81;1
336;82;1
336;84;1
336;85;1
336;86;1
336;87;1
336;88;1
336;89;1
336;90;1
338;-2;1
338;-1;1
338;0;1
338;1;1
338;2;1
338;4;1
338;5;1
338;6;1
338;7;1
338;8;1
338;9;1
338;10;1
338;11;1
338;12;1
338;14;1
338;15;1
338;16;1
338;17;1
338;18;1
338;19;1
338;20;1
338;21;1
338;22;1
338;24;1
338;25;1
338;26;1
338;27;1
338;28;1
338;29;1
338;30;1
338;31;1
338;32;1
338;33;1
338;35;1
338;36;1
338;37;1
338;38;1
338;39;1
338;40;1
338;41;1
338;42;1
338;43;1
338;45;1
338;46;1
338;47;1
338;48;1
338;49;1
338;50;1
338;51;1
338;52;1
338;53;1
338;55;1
338;56;1
338;57;1
338;58;1
338;59;1
338;60;1
338;61;1
338;62;1
338;63;1
338;64;1
338;66;1
338;67;1
338;68;1
338;69;1
338;70;1
338;71;1
338;72;1
338;73;1
338;74;1
338;76;1
338;77;1
338;78;1
338;79;1
338;80;1
338;81;1
338;82;1
338;83;1
338;84;1
338;86;1
338;87;1
338;88;1
338;89;1
338;90;1
339;-3;1
339;-2;1
339;-1;1
339;0;1
339;1;1
339;3;1
339;4;1
339;5;1
339;6;1
339;7;1
339;8;1
339;9;1
339;10;1
339;11;1
339;13;1
339;14;1
339;15;1
339;16;1
339;17;1
339;18;1
339;19;1
339;20;1
339;21;1
339;23;1
339;24;1
339;25;1
339;26;1
339;27;1
339;28;1
339;29;1
339;30;1
339;31;1
339;32;1
339;34;1
339;35;1
339;36;1
339;37;1
339;38;1
339;39;1
339;40;1
339;41;1
339;42;1
339;44;1
339;45;1
339;46;1
339;47;1
339;48;1
339;49;1
339;50;1
339;51;1
339;52;1
339;54;1
339;55;1
339;56;1
339;57;1
339;58;1
339;59;1
339;60;1
339;61;1
339;62;1
339;63;1
339;65;1
339;66;1
339;67;1
339;68;1
339;69;1
339;70;1
339;71;1
339;72;1
339;73;1
339;75;1
339;76;1
339;77;1
339;78;1
339;79;1
339;80;1
339;81;1
339;82;1
339;83;1
339;85;1
339;86;1
339;87;1
339;88;1
339;89;1
349;-5;1
349;-4;1
349;-2;1
349;-1;1
349;0;1
349;1;1
349;3;1
349;4;1
349;5;1
349;6;1
349;8;1
349;9;1
349;10;1
349;11;1
349;12;1
349;14;1
349;15;1
349;16;1
349;17;1
349;19;1
349;20;1
349;21;1
349;22;1
349;24;1
349;25;1
349;26;1
349;27;1
349;29;1
349;30;1
349;31;1
349;32;1
349;34;1
349;35;1
349;36;1
349;37;1
349;39;1
349;40;1
349;41;1
349;42;1
349;43;1
349;45;1
349;46;1
349;47;1
349;48;1
349;50;1
349;51;1
349;52;1
349;53;1
349;55;1
349;56;1
349;57;1
349;58;1
349;60;1
349;61;1
349;62;1
349;63;1
349;65;1
349;66;1
349;67;1
349;68;1
349;70;1
349;71;1
349;72;1
349;73;1
349;74;1
349;76;1
349;77;1
349;78;1
349;79;1
349;81;1
349;82;1
349;83;1
349;84;1
349;86;1
349;87;1
356;-3;1
356;-2;1
356;0;1
356;1;1
356;2;1
356;3;1
356;5;1
356;6;1
356;7;1
356;8;1
356;10;1
356;11;1
356;12;1
356;13;1
356;14;1
356;16;1
356;17;1
356;18;1
356;19;1
356;21;1
356;22;1
356;23;1
356;24;1
356;26;1
356;27;1
356;28;1
356;29;1
356;31;1
356;32;1
356;33;1
356;34;1
356;36;1
356;37;1
356;38;1
356;39;1
356;41;1
356;42;1
356;43;1
356;44;1
356;45;1
356;47;1
356;48;1
356;49;1
356;50;1
356;52;1
356;53;1
356;54;1
356;55;1
356;57;1
356;58;1
356;59;1
356;60;1
356;62;1
356;63;1
356;64;1
356;65;1
356;67;1
356;68;1
356;69;1
356;70;1
356;72;1
356;73;1
356;74;1
356;75;1
356;76;1
356;78;1
356;79;1
356;80;1
356;81;1
356;83;1
356;84;1
356;85;1
356;86;1
356;88;1
356;89;1
362;-3;1
362;-1;1
362;0;1
362;1;1
362;3;1
362;4;1
362;5;1
362;7;1
362;8;1
362;9;1
362;11;1
362;12;1
362;13;1
362;15;1
362;16;1
362;17;1
362;19;1
362;20;1
362;21;1
362;23;1
362;24;1
362;25;1
362;27;1
362;28;1
362;30;1
362;31;1
362;32;1
362;34;1
362;35;1
362;36;1
362;38;1
362;39;1
362;40;1
362;42;1
362;43;1
362;44;1
362;46;1
362;47;1
362;48;1
362;50;1
362;51;1
362;52;1
362;54;1
362;55;1
362;56;1
362;58;1
362;59;1
362;61;1
362;62;1
362;63;1
362;65;1
362;66;1
362;67;1
362;69;1
362;70;1
362;71;1
362;73;1
362;74;1
362;75;1
362;77;1
362;78;1
362;79;1
362;81;1
362;82;1
362;83;1
362;85;1
362;86;1
362;87;1
362;89;1
372;-5;1
372;-3;1
372;-2;1
372;-1;1
372;1;1
372;2;1
372;4;1
372;5;1
372;6;1
372;8;1
372;9;1
372;11;1
372;12;1
372;14;1
372;15;1
372;16;1
372;18;1
372;19;1
372;21;1
372;22;1
372;23;1
372;25;1
372;26;1
372;28;1
372;29;1
372;30;1
372;32;1
372;33;1
372;35;1
372;36;1
372;37;1
372;39;1
372;40;1
372;42;1
372;43;1
372;45;1
372;46;1
372;47;1
372;49;1
372;50;1
372;52;1
372;53;1
372;54;1
372;56;1
372;57;1
372;59;1
372;60;1
372;61;1
372;63;1
372;64;1
372;66;1
372;67;1
372;68;1
372;70;1
372;71;1
372;73;1
372;74;1
372;76;1
372;77;1
372;78;1
372;80;1
372;81;1
372;83;1
372;84;1
372;85;1
372;87;1
375;-3;1
375;-1;1
375;0;1
375;2;1
375;3;1
375;5;1
375;6;1
375;8;1
375;9;1
375;11;1
375;12;1
375;13;1
375;15;1
375;16;1
375;18;1
375;19;1
375;21;1
375;22;1
375;24;1
375;25;1
375;27;1
375;28;1
375;30;1
375;31;1
375;33;1
375;34;1
375;36;1
375;37;1
375;39;1
375;40;1
375;42;1
375;43;1
375;44;1
375;46;1
375;47;1
375;49;1
375;50;1
375;52;1
375;53;1
375;55;1
375;56;1
375;58;1
375;59;1
375;61;1
375;62;1
375;64;1
375;65;1
375;67;1
375;68;1
375;70;1
375;71;1
375;73;1
375;74;1
375;75;1
375;77;1
375;78;1
375;80;1
375;81;1
375;83;1
375;84;1
375;86;1
375;87;1
375;89;1
376;-3;1
376;-1;1
376;0;1
376;2;1
376;3;1
376;5;1
376;6;1
376;8;1
376;9;1
376;11;1
376;12;1
376;13;1
376;15;1
376;16;1
376;18;1
376;19;1
376;21;1
376;22;1
376;24;1
376;25;1
376;27;1
376;28;1
376;30;1
376;31;1
376;33;1
376;34;1
376;36;1
376;37;1
376;39;1
376;40;1
376;42;1
376;43;1
376;44;1
376;46;1
376;47;1
376;49;1
376;50;1
376;52;1
376;53;1
376;55;1
376;56;1
376;58;1
376;59;1
376;61;1
376;62;1
376;64;1
376;65;1
376;67;1
376;68;1
376;70;1
376;71;1
376;73;1
376;74;1
376;75;1
376;77;1
376;78;1
376;80;1
376;81;1
376;83;1
376;84;1
376;86;1
376;87;1
376;89;1
383;-3;1
383;-1;1
383;0;1
383;2;1
383;3;1
383;5;1
383;7;1
383;8;1
383;10;1
383;11;1
383;13;1
383;14;1
383;16;1
383;17;1
383;19;1
383;21;1
383;22;1
383;24;1
383;25;1
383;27;1
383;28;1
383;30;1
383;31;1
383;33;1
383;34;1
383;36;1
383;38;1
383;39;1
383;41;1
383;42;1
383;44;1
383;45;1
383;47;1
383;48;1
383;50;1
383;52;1
383;53;1
383;55;1
383;56;1
383;58;1
383;59;1
383;61;1
383;62;1
383;64;1
383;65;1
383;67;1
383;69;1
383;70;1
383;72;1
383;73;1
383;75;1
383;76;1
383;78;1
383;79;1
383;81;1
383;83;1
383;84;1
383;86;1
383;87;1
383;89;1
388;-5;1
388;-3;1
388;-2;1
388;0;1
388;1;1
388;3;1
388;5;1
388;6;1
388;8;1
388;9;1
388;11;1
388;12;1
388;14;1
388;15;1
388;17;1
388;19;1
388;20;1
388;22;1
388;23;1
388;25;1
388;26;1
388;28;1
388;29;1
388;31;1
388;32;1
388;34;1
388;36;1
388;37;1
388;39;1
388;40;1
388;42;1
388;43;1
388;45;1
388;46;1
388;48;1
388;50;1
388;51;1
388;53;1
388;54;1
388;56;1
388;57;1
388;59;1
388;60;1
388;62;1
388;63;1
388;65;1
388;67;1
388;68;1
388;70;1
388;71;1
388;73;1
388;74;1
388;76;1
388;77;1
388;79;1
388;81;1
388;82;1
388;84;1
388;85;1
388;87;1
389;-5;1
389;-3;1
389;-2;1
389;0;1
389;1;1
389;3;1
389;5;1
389;6;1
389;8;1
389;9;1
389;11;1
389;12;1
389;14;1
389;15;1
389;17;1
389;19;1
389;20;1
389;22;1
389;23;1
389;25;1
389;26;1
389;28;1
389;29;1
389;31;1
389;32;1
389;34;1
389;36;1
389;37;1
389;39;1
389;40;1
389;42;1
389;43;1
389;45;1
389;46;1
389;48;1
389;50;1
389;51;1
389;53;1
389;54;1
389;56;1
389;57;1
389;59;1
389;60;1
389;62;1
389;63;1
389;65;1
389;67;1
389;68;1
389;70;1
389;71;1
389;73;1
389;74;1
389;76;1
389;77;1
389;79;1
389;81;1
389;82;1
389;84;1
389;85;1
389;87;1
400;-5;1
400;-3;1
400;-2;1
400;0;1
400;1;1
400;3;1
400;5;1
400;6;1
400;8;1
400;9;1
400;11;1
400;12;1
400;14;1
400;15;1
400;17;1
400;19;1
400;20;1
400;22;1
400;23;1
400;25;1
400;26;1
400;28;1
400;29;1
400;31;1
400;32;1
400;34;1
400;36;1
400;37;1
400;39;1
400;40;1
400;42;1
400;43;1
400;45;1
400;46;1
400;48;1
400;50;1
400;51;1
400;53;1
400;54;1
400;56;1
400;57;1
400;59;1
400;60;1
400;62;1
400;63;1
400;65;1
400;67;1
400;68;1
400;70;1
400;71;1
400;73;1
400;74;1
400;76;1
400;77;1
400;79;1
400;81;1
400;82;1
400;84;1
400;85;1
400;87;1
403;-3;1
403;-1;1
403;1;1
403;2;1
403;4;1
403;5;1
403;7;1
403;9;1
403;10;1
403;12;1
403;14;1
403;15;1
403;17;1
403;19;1
403;20;1
403;22;1
403;23;1
403;25;1
403;27;1
403;28;1
403;30;1
403;32;1
403;33;1
403;35;1
403;36;1
403;38;1
403;40;1
403;41;1
403;43;1
403;45;1
403;46;1
403;48;1
403;50;1
403;51;1
403;53;1
403;54;1
403;56;1
403;58;1
403;59;1
403;61;1
403;63;1
403;64;1
403;66;1
403;67;1
403;69;1
403;71;1
403;72;1
403;74;1
403;76;1
403;77;1
403;79;1
403;81;1
403;82;1
403;84;1
403;85;1
403;87;1
403;89;1
404;-6;1
404;-4;1
404;-2;1
404;-1;1
404;1;1
404;2;1
404;4;1
404;6;1
404;7;1
404;9;1
404;11;1
404;12;1
404;14;1
404;16;1
404;17;1
404;19;1
404;20;1
404;22;1
404;24;1
404;25;1
404;27;1
404;29;1
404;30;1
404;32;1
404;33;1
404;35;1
404;37;1
404;38;1
404;40;1
404;42;1
404;43;1
404;45;1
404;47;1
404;48;1
404;50;1
404;51;1
404;53;1
404;55;1
404;56;1
404;58;1
404;60;1
404;61;1
404;63;1
404;64;1
404;66;1
404;68;1
404;69;1
404;71;1
404;73;1
404;74;1
404;76;1
404;78;1
404;79;1
404;81;1
404;82;1
404;84;1
404;86;1
405;-3;1
405;-1;1
405;1;1
405;2;1
405;4;1
405;5;1
405;7;1
405;9;1
405;10;1
405;12;1
405;14;1
405;15;1
405;17;1
405;19;1
405;20;1
405;22;1
405;23;1
405;25;1
405;27;1
405;28;1
405;30;1
405;32;1
405;33;1
405;35;1
405;36;1
405;38;1
405;40;1
405;41;1
405;43;1
405;45;1
405;46;1
405;48;1
405;50;1
405;51;1
405;53;1
405;54;1
405;56;1
405;58;1
405;59;1
405;61;1
405;63;1
405;64;1
405;66;1
405;67;1
405;69;1
405;71;1
405;72;1
405;74;1
405;76;1
405;77;1
405;79;1
405;81;1
405;82;1
405;84;1
405;85;1
405;87;1
405;89;1
408;-2;1
408;0;1
408;2;1
408;4;1
408;5;1
408;7;1
408;9;1
408;10;1
408;12;1
408;14;1
408;16;1
408;17;1
408;19;1
408;21;1
408;22;1
408;24;1
408;26;1
408;28;1
408;29;1
408;31;1
408;33;1
408;35;1
408;36;1
408;38;1
408;40;1
408;41;1
408;43;1
408;45;1
408;47;1
408;48;1
408;50;1
408;52;1
408;53;1
408;55;1
408;57;1
408;59;1
408;60;1
408;62;1
408;64;1
408;66;1
408;67;1
408;69;1
408;71;1
408;72;1
408;74;1
408;76;1
408;78;1
408;79;1
408;81;1
408;83;1
408;84;1
408;86;1
408;88;1
408;90;1
413;-5;1
413;-3;1
413;-1;1
413;1;1
413;2;1
413;4;1
413;6;1
413;7;1
413;9;1
413;11;1
413;13;1
413;14;1
413;16;1
413;18;1
413;19;1
413;21;1
413;23;1
413;25;1
413;26;1
413;28;1
413;30;1
413;32;1
413;33;1
413;35;1
413;37;1
413;38;1
413;40;1
413;42;1
413;44;1
413;45;1
413;47;1
413;49;1
413;50;1
413;52;1
413;54;1
413;56;1
413;57;1
413;59;1
413;61;1
413;63;1
413;64;1
413;66;1
413;68;1
413;69;1
413;71;1
413;73;1
413;75;1
413;76;1
413;78;1
413;80;1
413;81;1
413;83;1
413;85;1
413;87;1
416;-3;1
416;-1;1
416;1;1
416;3;1
416;4;1
416;6;1
416;8;1
416;9;1
416;11;1
416;13;1
416;15;1
416;16;1
416;18;1
416;20;1
416;21;1
416;23;1
416;25;1
416;27;1
416;28;1
416;30;1
416;32;1
416;34;1
416;35;1
416;37;1
416;39;1
416;40;1
416;42;1
416;44;1
416;46;1
416;47;1
416;49;1
416;51;1
416;52;1
416;54;1
416;56;1
416;58;1
416;59;1
416;61;1
416;63;1
416;65;1
416;66;1
416;68;1
416;70;1
416;71;1
416;73;1
416;75;1
416;77;1
416;78;1
416;80;1
416;82;1
416;83;1
416;85;1
416;87;1
416;89;1
417;-3;1
417;-1;1
417;1;1
417;3;1
417;4;1
417;6;1
417;8;1
417;9;1
417;11;1
417;13;1
417;15;1
417;16;1
417;18;1
417;20;1
417;21;1
417;23;1
417;25;1
417;27;1
417;28;1
417;30;1
417;32;1
417;34;1
417;35;1
417;37;1
417;39;1
417;40;1
417;42;1
417;44;1
417;46;1
417;47;1
417;49;1
417;51;1
417;52;1
417;54;1
417;56;1
417;58;1
417;59;1
417;61;1
417;63;1
417;65;1
417;66;1
417;68;1
417;70;1
417;71;1
417;73;1
417;75;1
417;77;1
417;78;1
417;80;1
417;82;1
417;83;1
417;85;1
417;87;1
417;89;1
422;-5;1
422;-3;1
422;-1;1
422;1;1
422;3;1
422;5;1
422;6;1
422;8;1
422;10;1
422;12;1
422;14;1
422;15;1
422;17;1
422;19;1
422;21;1
422;23;1
422;25;1
422;26;1
422;28;1
422;30;1
422;32;1
422;34;1
422;36;1
422;37;1
422;39;1
422;41;1
422;43;1
422;45;1
422;46;1
422;48;1
422;50;1
422;52;1
422;54;1
422;56;1
422;57;1
422;59;1
422;61;1
422;63;1
422;65;1
422;67;1
422;68;1
422;70;1
422;72;1
422;74;1
422;76;1
422;77;1
422;79;1
422;81;1
422;83;1
422;85;1
422;87;1
428;-5;1
428;-3;1
428;-1;1
428;1;1
428;3;1
428;5;1
428;7;1
428;9;1
428;11;1
428;13;1
428;15;1
428;17;1
428;19;1
428;21;1
428;23;1
428;25;1
428;26;1
428;28;1
428;30;1
428;32;1
428;34;1
428;36;1
428;38;1
428;40;1
428;42;1
428;44;1
428;46;1
428;48;1
428;50;1
428;52;1
428;54;1
428;56;1
428;57;1
428;59;1
428;61;1
428;63;1
428;65;1
428;67;1
428;69;1
428;71;1
428;73;1
428;75;1
428;77;1
428;79;1
428;81;1
428;83;1
428;85;1
428;87;1
430;-2;1
430;0;1
430;2;1
430;4;1
430;6;1
430;8;1
430;10;1
430;12;1
430;14;1
430;16;1
430;18;1
430;20;1
430;22;1
430;24;1
430;26;1
430;28;1
430;29;1
430;31;1
430;33;1
430;35;1
430;37;1
430;39;1
430;41;1
430;43;1
430;45;1
430;47;1
430;49;1
430;51;1
430;53;1
430;55;1
430;57;1
430;59;1
430;60;1
430;62;1
430;64;1
430;66;1
430;68;1
430;70;1
430;72;1
430;74;1
430;76;1
430;78;1
430;80;1
430;82;1
430;84;1
430;86;1
430;88;1
430;90;1
431;-6;1
431;-4;1
431;-2;1
431;0;1
431;2;1
431;4;1
431;6;1
431;8;1
431;10;1
431;12;1
431;14;1
431;16;1
431;18;1
431;20;1
431;22;1
431;24;1
431;25;1
431;27;1
431;29;1
431;31;1
431;33;1
431;35;1
431;37;1
431;39;1
431;41;1
431;43;1
431;45;1
431;47;1
431;49;1
431;51;1
431;53;1
431;55;1
431;56;1
431;58;1
431;60;1
431;62;1
431;64;1
431;66;1
431;68;1
431;70;1
431;72;1
431;74;1
431;76;1
431;78;1
431;80;1
431;82;1
431;84;1
431;86;1
432;-6;1
432;-4;1
432;-2;1
432;0;1
432;2;1
432;4;1
432;6;1
432;8;1
432;10;1
432;12;1
432;14;1
432;16;1
432;18;1
432;20;1
432;22;1
432;24;1
432;25;1
432;27;1
432;29;1
432;31;1
432;33;1
432;35;1
432;37;1
432;39;1
432;41;1
432;43;1
432;45;1
432;47;1
432;49;1
432;51;1
432;53;1
432;55;1
432;56;1
432;58;1
432;60;1
432;62;1
432;64;1
432;66;1
432;68;1
432;70;1
432;72;1
432;74;1
432;76;1
432;78;1
432;80;1
432;82;1
432;84;1
432;86;1
433;-3;1
433;-1;1
433;1;1
433;3;1
433;5;1
433;7;1
433;9;1
433;11;1
433;13;1
433;15;1
433;17;1
433;19;1
433;21;1
433;23;1
433;25;1
433;27;1
433;28;1
433;30;1
433;32;1
433;34;1
433;36;1
433;38;1
433;40;1
433;42;1
433;44;1
433;46;1
433;48;1
433;50;1
433;52;1
433;54;1
433;56;1
433;58;1
433;59;1
433;61;1
433;63;1
433;65;1
433;67;1
433;69;1
433;71;1
433;73;1
433;75;1
433;77;1
433;79;1
433;81;1
433;83;1
433;85;1
433;87;1
433;89;1
446;-2;1
446;0;1
446;2;1
446;4;1
446;6;1
446;8;1
446;10;1
446;12;1
446;14;1
446;16;1
446;18;1
446;20;1
446;22;1
446;24;1
446;26;1
446;29;1
446;31;1
446;33;1
446;35;1
446;37;1
446;39;1
446;41;1
446;43;1
446;45;1
446;47;1
446;49;1
446;51;1
446;53;1
446;55;1
446;57;1
446;60;1
446;62;1
446;64;1
446;66;1
446;68;1
446;70;1
446;72;1
446;74;1
446;76;1
446;78;1
446;80;1
446;82;1
446;84;1
446;86;1
446;88;1
447;-2;1
447;0;1
447;2;1
447;4;1
447;6;1
447;8;1
447;10;1
447;12;1
447;14;1
447;16;1
447;18;1
447;20;1
447;22;1
447;24;1
447;26;1
447;29;1
447;31;1
447;33;1
447;35;1
447;37;1
447;39;1
447;41;1
447;43;1
447;45;1
447;47;1
447;49;1
447;51;1
447;53;1
447;55;1
447;57;1
447;60;1
447;62;1
447;64;1
447;66;1
447;68;1
447;70;1
447;72;1
447;74;1
447;76;1
447;78;1
447;80;1
447;82;1
447;84;1
447;86;1
447;88;1
456;-2;1
456;0;1
456;2;1
456;4;1
456;6;1
456;8;1
456;10;1
456;12;1
456;14;1
456;16;1
456;18;1
456;20;1
456;22;1
456;24;1
456;26;1
456;29;1
456;31;1
456;33;1
456;35;1
456;37;1
456;39;1
456;41;1
456;43;1
456;45;1
456;47;1
456;49;1
456;51;1
456;53;1
456;55;1
456;57;1
456;60;1
456;62;1
456;64;1
456;66;1
456;68;1
456;70;1
456;72;1
456;74;1
456;76;1
456;78;1
456;80;1
456;82;1
456;84;1
456;86;1
456;88;1
462;-5;1
462;-3;1
462;-1;1
462;1;1
462;3;1
462;5;1
462;7;1
462;9;1
462;11;1
462;13;1
462;15;1
462;17;1
462;19;1
462;21;1
462;23;1
462;26;1
462;28;1
462;30;1
462;32;1
462;34;1
462;36;1
462;38;1
462;40;1
462;42;1
462;44;1
462;46;1
462;48;1
462;50;1
462;52;1
462;54;1
462;57;1
462;59;1
462;61;1
462;63;1
462;65;1
462;67;1
462;69;1
462;71;1
462;73;1
462;75;1
462;77;1
462;79;1
462;81;1
462;83;1
462;85;1
463;-5;1
463;-3;1
463;-1;1
463;1;1
463;3;1
463;5;1
463;7;1
463;9;1
463;11;1
463;13;1
463;15;1
463;17;1
463;19;1
463;21;1
463;23;1
463;26;1
463;28;1
463;30;1
463;32;1
463;34;1
463;36;1
463;38;1
463;40;1
463;42;1
463;44;1
463;46;1
463;48;1
463;50;1
463;52;1
463;54;1
463;57;1
463;59;1
463;61;1
463;63;1
463;65;1
463;67;1
463;69;1
463;71;1
463;73;1
463;75;1
463;77;1
463;79;1
463;81;1
463;83;1
463;85;1
465;-2;1
465;0;1
465;2;1
465;4;1
465;6;1
465;8;1
465;10;1
465;12;1
465;14;1
465;16;1
465;18;1
465;20;1
465;22;1
465;24;1
465;26;1
465;29;1
465;31;1
465;33;1
465;35;1
465;37;1
465;39;1
465;41;1
465;43;1
465;45;1
465;47;1
465;49;1
465;51;1
465;53;1
465;55;1
465;57;1
465;60;1
465;62;1
465;64;1
465;66;1
465;68;1
465;70;1
465;72;1
465;74;1
465;76;1
465;78;1
465;80;1
465;82;1
465;84;1
465;86;1
465;88;1
474;-2;1
474;0;1
474;2;1
474;4;1
474;6;1
474;9;1
474;11;1
474;13;1
474;15;1
474;18;1
474;20;1
474;22;1
474;24;1
474;26;1
474;29;1
474;31;1
474;33;1
474;35;1
474;37;1
474;40;1
474;42;1
474;44;1
474;46;1
474;49;1
474;51;1
474;53;1
474;55;1
474;57;1
474;60;1
474;62;1
474;64;1
474;66;1
474;68;1
474;71;1
474;73;1
474;75;1
474;77;1
474;80;1
474;82;1
474;84;1
474;86;1
474;88;1
475;-4;1
475;-2;1
475;0;1
475;2;1
475;4;1
475;7;1
475;9;1
475;11;1
475;13;1
475;16;1
475;18;1
475;20;1
475;22;1
475;24;1
475;27;1
475;29;1
475;31;1
475;33;1
475;35;1
475;38;1
475;40;1
475;42;1
475;44;1
475;47;1
475;49;1
475;51;1
475;53;1
475;55;1
475;58;1
475;60;1
475;62;1
475;64;1
475;66;1
475;69;1
475;71;1
475;73;1
475;75;1
475;78;1
475;80;1
475;82;1
475;84;1
475;86;1
477;-8;1
477;-6;1
477;-4;1
477;-2;1
477;0;1
477;3;1
477;5;1
477;7;1
477;9;1
477;12;1
477;14;1
477;16;1
477;18;1
477;20;1
477;23;1
477;25;1
477;27;1
477;29;1
477;31;1
477;34;1
477;36;1
477;38;1
477;40;1
477;43;1
477;45;1
477;47;1
477;49;1
477;51;1
477;54;1
477;56;1
477;58;1
477;60;1
477;62;1
477;65;1
477;67;1
477;69;1
477;71;1
477;74;1
477;76;1
477;78;1
477;80;1
477;82;1
478;-5;1
478;-3;1
478;-1;1
478;1;1
478;3;1
478;6;1
478;8;1
478;10;1
478;12;1
478;15;1
478;17;1
478;19;1
478;21;1
478;23;1
478;26;1
478;28;1
478;30;1
478;32;1
478;34;1
478;37;1
478;39;1
478;41;1
478;43;1
478;46;1
478;48;1
478;50;1
478;52;1
478;54;1
478;57;1
478;59;1
478;61;1
478;63;1
478;65;1
478;68;1
478;70;1
478;72;1
478;74;1
478;77;1
478;79;1
478;81;1
478;83;1
478;85;1
480;-5;1
480;-3;1
480;-1;1
480;2;1
480;4;1
480;7;1
480;9;1
480;11;1
480;14;1
480;16;1
480;19;1
480;21;1
480;23;1
480;26;1
480;28;1
480;30;1
480;33;1
480;35;1
480;38;1
480;40;1
480;42;1
480;45;1
480;47;1
480;50;1
480;52;1
480;54;1
480;57;1
480;59;1
480;61;1
480;64;1
480;66;1
480;69;1
480;71;1
480;73;1
480;76;1
480;78;1
480;81;1
480;83;1
480;85;1
489;-2;1
489;0;1
489;2;1
489;5;1
489;7;1
489;10;1
489;12;1
489;14;1
489;17;1
489;19;1
489;22;1
489;24;1
489;26;1
489;29;1
489;31;1
489;33;1
489;36;1
489;38;1
489;41;1
489;43;1
489;45;1
489;48;1
489;50;1
489;53;1
489;55;1
489;57;1
489;60;1
489;62;1
489;64;1
489;67;1
489;69;1
489;72;1
489;74;1
489;76;1
489;79;1
489;81;1
489;84;1
489;86;1
489;88;1
496;-4;1
496;-2;1
496;0;1
496;3;1
496;5;1
496;8;1
496;10;1
496;12;1
496;15;1
496;17;1
496;20;1
496;22;1
496;24;1
496;27;1
496;29;1
496;31;1
496;34;1
496;36;1
496;39;1
496;41;1
496;43;1
496;46;1
496;48;1
496;51;1
496;53;1
496;55;1
496;58;1
496;60;1
496;62;1
496;65;1
496;67;1
496;70;1
496;72;1
496;74;1
496;77;1
496;79;1
496;82;1
496;84;1
496;86;1
498;-5;1
498;-3;1
498;-1;1
498;2;1
498;4;1
498;7;1
498;9;1
498;11;1
498;14;1
498;16;1
498;19;1
498;21;1
498;23;1
498;26;1
498;28;1
498;30;1
498;33;1
498;35;1
498;38;1
498;40;1
498;42;1
498;45;1
498;47;1
498;50;1
498;52;1
498;54;1
498;57;1
498;59;1
498;61;1
498;64;1
498;66;1
498;69;1
498;71;1
498;73;1
498;76;1
498;78;1
498;81;1
498;83;1
498;85;1
509;-2;1
509;0;1
509;3;1
509;6;1
509;8;1
509;11;1
509;13;1
509;16;1
509;18;1
509;21;1
509;24;1
509;26;1
509;29;1
509;31;1
509;34;1
509;37;1
509;39;1
509;42;1
509;44;1
509;47;1
509;49;1
509;52;1
509;55;1
509;57;1
509;60;1
509;62;1
509;65;1
509;68;1
509;70;1
509;73;1
509;75;1
509;78;1
509;80;1
509;83;1
509;86;1
509;88;1
513;-2;1
513;0;1
513;3;1
513;6;1
513;8;1
513;11;1
513;13;1
513;16;1
513;18;1
513;21;1
513;24;1
513;26;1
513;29;1
513;31;1
513;34;1
513;37;1
513;39;1
513;42;1
513;44;1
513;47;1
513;49;1
513;52;1
513;55;1
513;57;1
513;60;1
513;62;1
513;65;1
513;68;1
513;70;1
513;73;1
513;75;1
513;78;1
513;80;1
513;83;1
513;86;1
513;88;1
514;-5;1
514;-3;1
514;0;1
514;3;1
514;5;1
514;8;1
514;10;1
514;13;1
514;15;1
514;18;1
514;21;1
514;23;1
514;26;1
514;28;1
514;31;1
514;34;1
514;36;1
514;39;1
514;41;1
514;44;1
514;46;1
514;49;1
514;52;1
514;54;1
514;57;1
514;59;1
514;62;1
514;65;1
514;67;1
514;70;1
514;72;1
514;75;1
514;77;1
514;80;1
514;83;1
514;85;1
515;-1;1
515;1;1
515;4;1
515;7;1
515;9;1
515;12;1
515;14;1
515;17;1
515;19;1
515;22;1
515;25;1
515;27;1
515;30;1
515;32;1
515;35;1
515;38;1
515;40;1
515;43;1
515;45;1
515;48;1
515;50;1
515;53;1
515;56;1
515;58;1
515;61;1
515;63;1
515;66;1
515;69;1
515;71;1
515;74;1
515;76;1
515;79;1
515;81;1
515;84;1
515;87;1
515;89;1
516;-5;1
516;-3;1
516;0;1
516;3;1
516;5;1
516;8;1
516;10;1
516;13;1
516;15;1
516;18;1
516;21;1
516;23;1
516;26;1
516;28;1
516;31;1
516;34;1
516;36;1
516;39;1
516;41;1
516;44;1
516;46;1
516;49;1
516;52;1
516;54;1
516;57;1
516;59;1
516;62;1
516;65;1
516;67;1
516;70;1
516;72;1
516;75;1
516;77;1
516;80;1
516;83;1
516;85;1
525;-2;1
525;1;1
525;4;1
525;6;1
525;9;1
525;12;1
525;15;1
525;18;1
525;20;1
525;23;1
525;26;1
525;29;1
525;32;1
525;35;1
525;37;1
525;40;1
525;43;1
525;46;1
525;49;1
525;51;1
525;54;1
525;57;1
525;60;1
525;63;1
525;66;1
525;68;1
525;71;1
525;74;1
525;77;1
525;80;1
525;82;1
525;85;1
525;88;1
526;-5;1
526;-2;1
526;1;1
526;3;1
526;6;1
526;9;1
526;12;1
526;15;1
526;17;1
526;20;1
526;23;1
526;26;1
526;29;1
526;32;1
526;34;1
526;37;1
526;40;1
526;43;1
526;46;1
526;48;1
526;51;1
526;54;1
526;57;1
526;60;1
526;63;1
526;65;1
526;68;1
526;71;1
526;74;1
526;77;1
526;79;1
526;82;1
526;85;1
527;-5;1
527;-2;1
527;1;1
527;3;1
527;6;1
527;9;1
527;12;1
527;15;1
527;17;1
527;20;1
527;23;1
527;26;1
527;29;1
527;32;1
527;34;1
527;37;1
527;40;1
527;43;1
527;46;1
527;48;1
527;51;1
527;54;1
527;57;1
527;60;1
527;63;1
527;65;1
527;68;1
527;71;1
527;74;1
527;77;1
527;79;1
527;82;1
527;85;1
528;-5;1
528;-2;1
528;1;1
528;3;1
528;6;1
528;9;1
528;12;1
528;15;1
528;17;1
528;20;1
528;23;1
528;26;1
528;29;1
528;32;1
528;34;1
528;37;1
528;40;1
528;43;1
528;46;1
528;48;1
528;51;1
528;54;1
528;57;1
528;60;1
528;63;1
528;65;1
528;68;1
528;71;1
528;74;1
528;77;1
528;79;1
528;82;1
528;85;1
586;-4;1
586;-1;1
586;2;1
586;5;1
586;8;1
586;12;1
586;15;1
586;18;1
586;21;1
586;24;1
586;27;1
586;30;1
586;33;1
586;36;1
586;39;1
586;43;1
586;46;1
586;49;1
586;52;1
586;55;1
586;58;1
586;61;1
586;64;1
586;67;1
586;70;1
586;74;1
586;77;1
586;80;1
586;83;1
586;86;1
587;-1;1
587;2;1
587;5;1
587;8;1
587;11;1
587;15;1
587;18;1
587;21;1
587;24;1
587;27;1
587;30;1
587;33;1
587;36;1
587;39;1
587;42;1
587;46;1
587;49;1
587;52;1
587;55;1
587;58;1
587;61;1
587;64;1
587;67;1
587;70;1
587;73;1
587;77;1
587;80;1
587;83;1
587;86;1
587;89;1
592;-2;1
592;1;1
592;4;1
592;7;1
592;10;1
592;14;1
592;17;1
592;20;1
592;23;1
592;26;1
592;29;1
592;32;1
592;35;1
592;38;1
592;41;1
592;45;1
592;48;1
592;51;1
592;54;1
592;57;1
592;60;1
592;63;1
592;66;1
592;69;1
592;72;1
592;76;1
592;79;1
592;82;1
592;85;1
592;88;1
594;-4;1
594;-1;1
594;2;1
594;5;1
594;8;1
594;12;1
594;15;1
594;18;1
594;21;1
594;24;1
594;27;1
594;30;1
594;33;1
594;36;1
594;39;1
594;43;1
594;46;1
594;49;1
594;52;1
594;55;1
594;58;1
594;61;1
594;64;1
594;67;1
594;70;1
594;74;1
594;77;1
594;80;1
594;83;1
594;86;1
596;-10;1
596;-7;1
596;-4;1
596;-1;1
596;2;1
596;6;1
596;9;1
596;12;1
596;15;1
596;18;1
596;21;1
596;24;1
596;27;1
596;30;1
596;33;1
596;37;1
596;40;1
596;43;1
596;46;1
596;49;1
596;52;1
596;55;1
596;58;1
596;61;1
596;64;1
596;68;1
596;71;1
596;74;1
596;77;1
596;80;1
597;-10;1
597;-7;1
597;-4;1
597;-1;1
597;2;1
597;6;1
597;9;1
597;12;1
597;15;1
597;18;1
597;21;1
597;24;1
597;27;1
597;30;1
597;33;1
597;37;1
597;40;1
597;43;1
597;46;1
597;49;1
597;52;1
597;55;1
597;58;1
597;61;1
597;64;1
597;68;1
597;71;1
597;74;1
597;77;1
597;80;1
598;-10;1
598;-7;1
598;-4;1
598;-1;1
598;2;1
598;6;1
598;9;1
598;12;1
598;15;1
598;18;1
598;21;1
598;24;1
598;27;1
598;30;1
598;33;1
598;37;1
598;40;1
598;43;1
598;46;1
598;49;1
598;52;1
598;55;1
598;58;1
598;61;1
598;64;1
598;68;1
598;71;1
598;74;1
598;77;1
598;80;1
599;-10;1
599;-7;1
599;-4;1
599;-1;1
599;2;1
599;6;1
599;9;1
599;12;1
599;15;1
599;18;1
599;21;1
599;24;1
599;27;1
599;30;1
599;33;1
599;37;1
599;40;1
599;43;1
599;46;1
599;49;1
599;52;1
599;55;1
599;58;1
599;61;1
599;64;1
599;68;1
599;71;1
599;74;1
599;77;1
599;80;1
601;-2;1
601;1;1
601;4;1
601;7;1
601;10;1
601;14;1
601;17;1
601;20;1
601;23;1
601;26;1
601;29;1
601;32;1
601;35;1
601;38;1
601;41;1
601;45;1
601;48;1
601;51;1
601;54;1
601;57;1
601;60;1
601;63;1
601;66;1
601;69;1
601;72;1
601;76;1
601;79;1
601;82;1
601;85;1
601;88;1
604;-2;1
604;1;1
604;4;1
604;7;1
604;10;1
604;14;1
604;17;1
604;20;1
604;23;1
604;26;1
604;29;1
604;32;1
604;35;1
604;38;1
604;41;1
604;45;1
604;48;1
604;51;1
604;54;1
604;57;1
604;60;1
604;63;1
604;66;1
604;69;1
604;72;1
604;76;1
604;79;1
604;82;1
604;85;1
604;88;1
608;-2;1
608;2;1
608;5;1
608;9;1
608;12;1
608;15;1
608;19;1
608;22;1
608;26;1
608;29;1
608;33;1
608;36;1
608;40;1
608;43;1
608;46;1
608;50;1
608;53;1
608;57;1
608;60;1
608;64;1
608;67;1
608;71;1
608;74;1
608;77;1
608;81;1
608;84;1
608;88;1
614;-2;1
614;2;1
614;5;1
614;9;1
614;12;1
614;15;1
614;19;1
614;22;1
614;26;1
614;29;1
614;33;1
614;36;1
614;40;1
614;43;1
614;46;1
614;50;1
614;53;1
614;57;1
614;60;1
614;64;1
614;67;1
614;71;1
614;74;1
614;77;1
614;81;1
614;84;1
614;88;1
619;-4;1
619;0;1
619;3;1
619;7;1
619;10;1
619;13;1
619;17;1
619;20;1
619;24;1
619;27;1
619;31;1
619;34;1
619;38;1
619;41;1
619;44;1
619;48;1
619;51;1
619;55;1
619;58;1
619;62;1
619;65;1
619;69;1
619;72;1
619;75;1
619;79;1
619;82;1
619;86;1
621;-2;1
621;2;1
621;5;1
621;9;1
621;12;1
621;15;1
621;19;1
621;22;1
621;26;1
621;29;1
621;33;1
621;36;1
621;40;1
621;43;1
621;46;1
621;50;1
621;53;1
621;57;1
621;60;1
621;64;1
621;67;1
621;71;1
621;74;1
621;77;1
621;81;1
621;84;1
621;88;1
622;-8;1
622;-4;1
622;-1;1
622;3;1
622;6;1
622;9;1
622;13;1
622;16;1
622;20;1
622;23;1
622;27;1
622;30;1
622;34;1
622;37;1
622;40;1
622;44;1
622;47;1
622;51;1
622;54;1
622;58;1
622;61;1
622;65;1
622;68;1
622;71;1
622;75;1
622;78;1
622;82;1
623;-2;1
623;2;1
623;5;1
623;9;1
623;12;1
623;15;1
623;19;1
623;22;1
623;26;1
623;29;1
623;33;1
623;36;1
623;40;1
623;43;1
623;46;1
623;50;1
623;53;1
623;57;1
623;60;1
623;64;1
623;67;1
623;71;1
623;74;1
623;77;1
623;81;1
623;84;1
623;88;1
624;-2;1
624;2;1
624;5;1
624;9;1
624;12;1
624;15;1
624;19;1
624;22;1
624;26;1
624;29;1
624;33;1
624;36;1
624;40;1
624;43;1
624;46;1
624;50;1
624;53;1
624;57;1
624;60;1
624;64;1
624;67;1
624;71;1
624;74;1
624;77;1
624;81;1
624;84;1
624;88;1
634;-2;1
634;2;1
634;6;1
634;10;1
634;14;1
634;18;1
634;22;1
634;26;1
634;29;1
634;33;1
634;37;1
634;41;1
634;45;1
634;49;1
634;53;1
634;57;1
634;60;1
634;64;1
634;68;1
634;72;1
634;76;1
634;80;1
634;84;1
634;88;1
646;-2;1
646;2;1
646;6;1
646;10;1
646;14;1
646;18;1
646;22;1
646;26;1
646;29;1
646;33;1
646;37;1
646;41;1
646;45;1
646;49;1
646;53;1
646;57;1
646;60;1
646;64;1
646;68;1
646;72;1
646;76;1
646;80;1
646;84;1
646;88;1
650;-4;1
650;0;1
650;4;1
650;8;1
650;12;1
650;16;1
650;20;1
650;24;1
650;27;1
650;31;1
650;35;1
650;39;1
650;43;1
650;47;1
650;51;1
650;55;1
650;58;1
650;62;1
650;66;1
650;70;1
650;74;1
650;78;1
650;82;1
650;86;1
651;-2;1
651;2;1
651;6;1
651;10;1
651;14;1
651;18;1
651;22;1
651;26;1
651;29;1
651;33;1
651;37;1
651;41;1
651;45;1
651;49;1
651;53;1
651;57;1
651;60;1
651;64;1
651;68;1
651;72;1
651;76;1
651;80;1
651;84;1
651;88;1
652;-4;1
652;0;1
652;4;1
652;8;1
652;12;1
652;16;1
652;20;1
652;24;1
652;27;1
652;31;1
652;35;1
652;39;1
652;43;1
652;47;1
652;51;1
652;55;1
652;58;1
652;62;1
652;66;1
652;70;1
652;74;1
652;78;1
652;82;1
652;86;1
655;-6;1
655;-2;1
655;2;1
655;6;1
655;10;1
655;14;1
655;18;1
655;22;1
655;25;1
655;29;1
655;33;1
655;37;1
655;41;1
655;45;1
655;49;1
655;53;1
655;56;1
655;60;1
655;64;1
655;68;1
655;72;1
655;76;1
655;80;1
655;84;1
656;-5;1
656;-1;1
656;3;1
656;7;1
656;11;1
656;15;1
656;19;1
656;23;1
656;26;1
656;30;1
656;34;1
656;38;1
656;42;1
656;46;1
656;50;1
656;54;1
656;57;1
656;61;1
656;65;1
656;69;1
656;73;1
656;77;1
656;81;1
656;85;1
657;-8;1
657;-4;1
657;0;1
657;4;1
657;8;1
657;12;1
657;16;1
657;20;1
657;23;1
657;27;1
657;31;1
657;35;1
657;39;1
657;43;1
657;47;1
657;51;1
657;54;1
657;58;1
657;62;1
657;66;1
657;70;1
657;74;1
657;78;1
657;82;1
658;-5;1
658;-1;1
658;3;1
658;7;1
658;11;1
658;15;1
658;19;1
658;23;1
658;26;1
658;30;1
658;34;1
658;38;1
658;42;1
658;46;1
658;50;1
658;54;1
658;57;1
658;61;1
658;65;1
658;69;1
658;73;1
658;77;1
658;81;1
658;85;1
659;-2;1
659;2;1
659;6;1
659;10;1
659;14;1
659;18;1
659;22;1
659;26;1
659;29;1
659;33;1
659;37;1
659;41;1
659;45;1
659;49;1
659;53;1
659;57;1
659;60;1
659;64;1
659;68;1
659;72;1
659;76;1
659;80;1
659;84;1
659;88;1
662;-1;1
662;3;1
662;8;1
662;12;1
662;16;1
662;21;1
662;25;1
662;30;1
662;34;1
662;39;1
662;43;1
662;47;1
662;52;1
662;56;1
662;61;1
662;65;1
662;70;1
662;74;1
662;78;1
662;83;1
662;87;1
685;-1;1
685;3;1
685;8;1
685;12;1
685;16;1
685;21;1
685;25;1
685;30;1
685;34;1
685;39;1
685;43;1
685;47;1
685;52;1
685;56;1
685;61;1
685;65;1
685;70;1
685;74;1
685;78;1
685;83;1
685;87;1
702;-3;1
702;1;1
702;6;1
702;10;1
702;14;1
702;19;1
702;23;1
702;28;1
702;32;1
702;37;1
702;41;1
702;45;1
702;50;1
702;54;1
702;59;1
702;63;1
702;68;1
702;72;1
702;76;1
702;81;1
702;85;1
706;-4;1
706;0;1
706;5;1
706;9;1
706;13;1
706;18;1
706;22;1
706;27;1
706;31;1
706;36;1
706;40;1
706;44;1
706;49;1
706;53;1
706;58;1
706;62;1
706;67;1
706;71;1
706;75;1
706;80;1
706;84;1
707;-1;1
707;3;1
707;8;1
707;12;1
707;16;1
707;21;1
707;25;1
707;30;1
707;34;1
707;39;1
707;43;1
707;47;1
707;52;1
707;56;1
707;61;1
707;65;1
707;70;1
707;74;1
707;78;1
707;83;1
707;87;1
708;-4;1
708;0;1
708;5;1
708;9;1
708;13;1
708;18;1
708;22;1
708;27;1
708;31;1
708;36;1
708;40;1
708;44;1
708;49;1
708;53;1
708;58;1
708;62;1
708;67;1
708;71;1
708;75;1
708;80;1
708;84;1
727;-1;1
727;4;1
727;9;1
727;15;1
727;20;1
727;25;1
727;30;1
727;35;1
727;40;1
727;46;1
727;51;1
727;56;1
727;61;1
727;66;1
727;71;1
727;77;1
727;82;1
727;87;1
752;-3;1
752;2;1
752;7;1
752;13;1
752;18;1
752;23;1
752;28;1
752;33;1
752;38;1
752;44;1
752;49;1
752;54;1
752;59;1
752;64;1
752;69;1
752;75;1
752;80;1
752;85;1
754;-1;1
754;4;1
754;9;1
754;15;1
754;20;1
754;25;1
754;30;1
754;35;1
754;40;1
754;46;1
754;51;1
754;56;1
754;61;1
754;66;1
754;71;1
754;77;1
754;82;1
754;87;1
755;-1;1
755;4;1
755;9;1
755;15;1
755;20;1
755;25;1
755;30;1
755;35;1
755;40;1
755;46;1
755;51;1
755;56;1
755;61;1
755;66;1
755;71;1
755;77;1
755;82;1
755;87;1
756;-3;1
756;2;1
756;7;1
756;13;1
756;18;1
756;23;1
756;28;1
756;33;1
756;38;1
756;44;1
756;49;1
756;54;1
756;59;1
756;64;1
756;69;1
756;75;1
756;80;1
756;85;1
762;-4;1
762;1;1
762;6;1
762;12;1
762;17;1
762;22;1
762;27;1
762;32;1
762;37;1
762;43;1
762;48;1
762;53;1
762;58;1
762;63;1
762;68;1
762;74;1
762;79;1
762;84;1
763;-1;1
763;4;1
763;9;1
763;15;1
763;20;1
763;25;1
763;30;1
763;35;1
763;40;1
763;46;1
763;51;1
763;56;1
763;61;1
763;66;1
763;71;1
763;77;1
763;82;1
763;87;1
764;-1;1
764;4;1
764;9;1
764;15;1
764;20;1
764;25;1
764;30;1
764;35;1
764;40;1
764;46;1
764;51;1
764;56;1
764;61;1
764;66;1
764;71;1
764;77;1
764;82;1
764;87;1
765;-1;1
765;4;1
765;9;1
765;15;1
765;20;1
765;25;1
765;30;1
765;35;1
765;40;1
765;46;1
765;51;1
765;56;1
765;61;1
765;66;1
765;71;1
765;77;1
765;82;1
765;87;1
786;0;1
786;6;1
786;12;1
786;18;1
786;24;1
786;31;1
786;37;1
786;43;1
786;49;1
786;55;1
786;62;1
786;68;1
786;74;1
786;80;1
786;86;1
804;0;1
804;6;1
804;12;1
804;18;1
804;24;1
804;31;1
804;37;1
804;43;1
804;49;1
804;55;1
804;62;1
804;68;1
804;74;1
804;80;1
804;86;1
852;-8;1
852;-2;1
852;4;1
852;10;1
852;16;1
852;23;1
852;29;1
852;35;1
852;41;1
852;47;1
852;54;1
852;60;1
852;66;1
852;72;1
852;78;1
853;0;1
853;6;1
853;12;1
853;18;1
853;24;1
853;31;1
853;37;1
853;43;1
853;49;1
853;55;1
853;62;1
853;68;1
853;74;1
853;80;1
853;86;1
854;0;1
854;6;1
854;12;1
854;18;1
854;24;1
854;31;1
854;37;1
854;43;1
854;49;1
854;55;1
854;62;1
854;68;1
854;74;1
854;80;1
854;86;1
855;0;1
855;6;1
855;12;1
855;18;1
855;24;1
855;31;1
855;37;1
855;43;1
855;49;1
855;55;1
855;62;1
855;68;1
855;74;1
855;80;1
855;86;1
856;0;1
856;6;1
856;12;1
856;18;1
856;24;1
856;31;1
856;37;1
856;43;1
856;49;1
856;55;1
856;62;1
856;68;1
856;74;1
856;80;1
856;86;1
857;-3;1
857;3;1
857;9;1
857;15;1
857;21;1
857;28;1
857;34;1
857;40;1
857;46;1
857;52;1
857;59;1
857;65;1
857;71;1
857;77;1
857;83;1
858;-3;1
858;3;1
858;9;1
858;15;1
858;21;1
858;28;1
858;34;1
858;40;1
858;46;1
858;52;1
858;59;1
858;65;1
858;71;1
858;77;1
858;83;1
859;0;1
859;6;1
859;12;1
859;18;1
859;24;1
859;31;1
859;37;1
859;43;1
859;49;1
859;55;1
859;62;1
859;68;1
859;74;1
859;80;1
859;86;1
860;0;1
860;6;1
860;12;1
860;18;1
860;24;1
860;31;1
860;37;1
860;43;1
860;49;1
860;55;1
860;62;1
860;68;1
860;74;1
860;80;1
860;86;1
872;-2;1
872;6;1
872;14;1
872;22;1
872;29;1
872;37;1
872;45;1
872;53;1
872;60;1
872;68;1
872;76;1
872;84;1
876;0;1
876;8;1
876;16;1
876;24;1
876;31;1
876;39;1
876;47;1
876;55;1
876;62;1
876;70;1
876;78;1
876;86;1
893;0;1
893;8;1
893;16;1
893;24;1
893;31;1
893;39;1
893;47;1
893;55;1
893;62;1
893;70;1
893;78;1
893;86;1
906;-6;1
906;2;1
906;10;1
906;18;1
906;25;1
906;33;1
906;41;1
906;49;1
906;56;1
906;64;1
906;72;1
906;80;1
912;-2;1
912;6;1
912;14;1
912;22;1
912;29;1
912;37;1
912;45;1
912;53;1
912;60;1
912;68;1
912;76;1
912;84;1
933;-2;1
933;6;1
933;14;1
933;22;1
933;29;1
933;37;1
933;45;1
933;53;1
933;60;1
933;68;1
933;76;1
933;84;1
935;-2;1
935;6;1
935;14;1
935;22;1
935;29;1
935;37;1
935;45;1
935;53;1
935;60;1
935;68;1
935;76;1
935;84;1
936;-2;1
936;6;1
936;14;1
936;22;1
936;29;1
936;37;1
936;45;1
936;53;1
936;60;1
936;68;1
936;76;1
936;84;1
937;-2;1
937;6;1
937;14;1
937;22;1
937;29;1
937;37;1
937;45;1
937;53;1
937;60;1
937;68;1
937;76;1
937;84;1
944;-8;1
944;0;1
944;8;1
944;16;1
944;23;1
944;31;1
944;39;1
944;47;1
944;54;1
944;62;1
944;70;1
944;78;1
947;-3;1
947;5;1
947;13;1
947;21;1
947;28;1
947;36;1
947;44;1
947;52;1
947;59;1
947;67;1
947;75;1
947;83;1
948;0;1
948;8;1
948;16;1
948;24;1
948;31;1
948;39;1
948;47;1
948;55;1
948;62;1
948;70;1
948;78;1
948;86;1
949;-3;1
949;5;1
949;13;1
949;21;1
949;28;1
949;36;1
949;44;1
949;52;1
949;59;1
949;67;1
949;75;1
949;83;1
963;0;1
963;10;1
963;20;1
963;31;1
963;41;1
963;51;1
963;62;1
963;72;1
963;82;1
964;0;1
964;10;1
964;20;1
964;31;1
964;41;1
964;51;1
964;62;1
964;72;1
964;82;1
967;2;1
967;12;1
967;22;1
967;33;1
967;43;1
967;53;1
967;64;1
967;74;1
967;84;1
986;-4;1
986;6;1
986;16;1
986;27;1
986;37;1
986;47;1
986;58;1
986;68;1
986;78;1
1002;2;1
1002;12;1
1002;22;1
1002;33;1
1002;43;1
1002;53;1
1002;64;1
1002;74;1
1002;84;1
1003;2;1
1003;12;1
1003;22;1
1003;33;1
1003;43;1
1003;53;1
1003;64;1
1003;74;1
1003;84;1
1017;2;1
1017;12;1
1017;22;1
1017;33;1
1017;43;1
1017;53;1
1017;64;1
1017;74;1
1017;84;1
1046;0;1
1046;10;1
1046;20;1
1046;31;1
1046;41;1
1046;51;1
1046;62;1
1046;72;1
1046;82;1
1050;0;1
1050;10;1
1050;20;1
1050;31;1
1050;41;1
1050;51;1
1050;62;1
1050;72;1
1050;82;1
1051;0;1
1051;10;1
1051;20;1
1051;31;1
1051;41;1
1051;51;1
1051;62;1
1051;72;1
1051;82;1
1052;0;1
1052;10;1
1052;20;1
1052;31;1
1052;41;1
1052;51;1
1052;62;1
1052;72;1
1052;82;1
1055;0;1
1055;10;1
1055;20;1
1055;31;1
1055;41;1
1055;51;1
1055;62;1
1055;72;1
1055;82;1
1057;-6;1
1057;4;1
1057;14;1
1057;25;1
1057;35;1
1057;45;1
1057;56;1
1057;66;1
1057;76;1
1059;2;1
1059;12;1
1059;22;1
1059;33;1
1059;43;1
1059;53;1
1059;64;1
1059;74;1
1059;84;1
1062;2;1
1062;12;1
1062;22;1
1062;33;1
1062;43;1
1062;53;1
1062;64;1
1062;74;1
1062;84;1
1063;-4;1
1063;6;1
1063;16;1
1063;27;1
1063;37;1
1063;47;1
1063;58;1
1063;68;1
1063;78;1
1065;2;1
1065;12;1
1065;22;1
1065;33;1
1065;43;1
1065;53;1
1065;64;1
1065;74;1
1065;84;1
1066;2;1
1066;12;1
1066;22;1
1066;33;1
1066;43;1
1066;53;1
1066;64;1
1066;74;1
1066;84;1
1067;2;1
1067;12;1
1067;22;1
1067;33;1
1067;43;1
1067;53;1
1067;64;1
1067;74;1
1067;84;1
1112;2;1
1112;18;1
1112;33;1
1112;49;1
1112;64;1
1112;80;1
1113;2;1
1113;18;1
1113;33;1
1113;49;1
1113;64;1
1113;80;1
1121;4;1
1121;20;1
1121;35;1
1121;51;1
1121;66;1
1121;82;1
1134;4;1
1134;20;1
1134;35;1
1134;51;1
1134;66;1
1134;82;1
1189;4;1
1189;20;1
1189;35;1
1189;51;1
1189;66;1
1189;82;1
1203;4;1
1203;20;1
1203;35;1
1203;51;1
1203;66;1
1203;82;1
1204;4;1
1204;20;1
1204;35;1
1204;51;1
1204;66;1
1204;82;1
1256;-4;1
1256;12;1
1256;27;1
1256;43;1
1256;58;1
1256;74;1
1258;2;1
1258;18;1
1258;33;1
1258;49;1
1258;64;1
1258;80;1
1259;2;1
1259;18;1
1259;33;1
1259;49;1
1259;64;1
1259;80;1
1260;2;1
1260;18;1
1260;33;1
1260;49;1
1260;64;1
1260;80;1
1264;2;1
1264;18;1
1264;33;1
1264;49;1
1264;64;1
1264;80;1
1265;2;1
1265;18;1
1265;33;1
1265;49;1
1265;64;1
1265;80;1
1266;2;1
1266;18;1
1266;33;1
1266;49;1
1266;64;1
1266;80;1
1267;2;1
1267;18;1
1267;33;1
1267;49;1
1267;64;1
1267;80;1
1273;-4;1
1273;12;1
1273;27;1
1273;43;1
1273;58;1
1273;74;1
1274;2;1
1274;18;1
1274;33;1
1274;49;1
1274;64;1
1274;80;1
1275;-4;1
1275;12;1
1275;27;1
1275;43;1
1275;58;1
1275;74;1
1276;-4;1
1276;12;1
1276;27;1
1276;43;1
1276;58;1
1276;74;1
1281;4;1
1281;20;1
1281;35;1
1281;51;1
1281;66;1
1281;82;1
1283;4;1
1283;20;1
1283;35;1
1283;51;1
1283;66;1
1283;82;1
1284;4;1
1284;20;1
1284;35;1
1284;51;1
1284;66;1
1284;82;1
1286;1;1
1286;17;1
1286;32;1
1286;48;1
1286;63;1
1286;79;1
1287;4;1
1287;20;1
1287;35;1
1287;51;1
1287;66;1
1287;82;1
1288;1;1
1288;17;1
1288;32;1
1288;48;1
1288;63;1
1288;79;1
1289;1;1
1289;17;1
1289;32;1
1289;48;1
1289;63;1
1289;79;1
1290;1;1
1290;17;1
1290;32;1
1290;48;1
1290;63;1
1290;79;1
1349;10;1
1349;41;1
1349;72;1
1350;10;1
1350;41;1
1350;72;1
1356;12;1
1356;43;1
1356;74;1
1358;12;1
1358;43;1
1358;74;1
1383;10;1
1383;41;1
1383;72;1
1384;10;1
1384;41;1
1384;72;1
1385;10;1
1385;41;1
1385;72;1
1410;12;1
1410;43;1
1410;74;1
1412;12;1
1412;43;1
1412;74;1
1427;12;1
1427;43;1
1427;74;1
1443;12;1
1443;43;1
1443;74;1
1444;12;1
1444;43;1
1444;74;1
1459;12;1
1459;43;1
1459;74;1
1501;6;1
1501;37;1
1501;68;1
1502;12;1
1502;43;1
1502;74;1
1581;10;1
1581;41;1
1581;72;1
1582;10;1
1582;41;1
1582;72;1
1583;10;1
1583;41;1
1583;72;1
1584;10;1
1584;41;1
1584;72;1
1585;10;1
1585;41;1
1585;72;1
1586;10;1
1586;41;1
1586;72;1
1587;10;1
1587;41;1
1587;72;1
1588;10;1
1588;41;1
1588;72;1
1589;10;1
1589;41;1
1589;72;1
1590;10;1
1590;41;1
1590;72;1
1591;10;1
1591;41;1
1591;72;1
1592;10;1
1592;41;1
1592;72;1
1597;12;1
1597;43;1
1597;74;1
1599;10;1
1599;41;1
1599;72;1
1600;10;1
1600;41;1
1600;72;1
1601;13;1
1601;44;1
1601;75;1
1602;10;1
1602;41;1
1602;72;1
1603;10;1
1603;41;1
1603;72;1
1610;10;1
1610;41;1
1610;72;1
1611;10;1
1611;41;1
1611;72;1
1614;10;1
1614;41;1
1614;72;1
1617;12;1
1617;43;1
1617;74;1
1621;9;1
1621;40;1
1621;71;1
1622;9;1
1622;40;1
1622;71;1
1623;9;1
1623;40;1
1623;71;1
